record_id,db_id,collection,stage_count,unique_stage_count,stage_sequence,first_stage,last_stage,structural_bucket,stage_depth_bucket,has_unwind,has_group,has_unwind_and_group,project_count,match_count,unwind_count,addfields_count,group_count,sort_count,limit_count,repeated_stages
8346,student_club,club_member_accounts_v2,10,6,$unwind>$match>$project>$unwind>$match>$group>$match>$project>$sort>$limit,$unwind,$limit,multi_unwind_grouped,very_long_10_plus,True,True,True,2,3,2,0,1,1,1,$match+$project+$unwind
31131,financial,district_market_contexts,8,6,$project>$unwind>$addFields>$addFields>$match>$sort>$limit>$project,$project,$project,unwind_filter_project,long_8_to_9,True,False,False,2,1,1,2,0,1,1,$addFields+$project
43953,formula_1,race_weekends_v2,7,6,$addFields>$unwind>$project>$group>$project>$sort>$limit,$addFields,$limit,unwind_grouped,medium_6_to_7,True,True,True,2,0,1,1,1,1,1,$project
85245,thrombosis_prediction,patient_clinical_profiles,10,7,$addFields>$project>$unwind>$unwind>$match>$group>$match>$sort>$limit>$project,$addFields,$project,multi_unwind_grouped,very_long_10_plus,True,True,True,2,2,2,1,1,1,1,$match+$project+$unwind
87075,debit_card_specializing,fuel_customer_spend_profiles,7,6,$project>$unwind>$match>$group>$project>$sort>$limit,$project,$limit,unwind_grouped,medium_6_to_7,True,True,True,2,1,1,0,1,1,1,$project
122572,toxicology,molecule_graphs,7,6,$unwind>$project>$group>$match>$project>$sort>$limit,$unwind,$limit,unwind_grouped,medium_6_to_7,True,True,True,2,1,1,0,1,1,1,$project
163297,financial,account_ledgers,7,6,$project>$unwind>$addFields>$group>$project>$sort>$limit,$project,$limit,unwind_grouped,medium_6_to_7,True,True,True,2,0,1,1,1,1,1,$project
167305,superhero,hero_dossiers,9,7,$project>$unwind>$unwind>$addFields>$match>$group>$project>$sort>$limit,$project,$limit,multi_unwind_grouped,long_8_to_9,True,True,True,2,1,2,1,1,1,1,$project+$unwind
173800,debit_card_specializing,fuel_customer_spend_profiles,7,6,$project>$unwind>$match>$group>$project>$sort>$limit,$project,$limit,unwind_grouped,medium_6_to_7,True,True,True,2,1,1,0,1,1,1,$project
226829,financial,party_relationship_graphs,6,5,$project>$addFields>$match>$project>$sort>$limit,$project,$limit,enrich_filter_project,medium_6_to_7,False,False,False,2,1,0,1,0,1,1,$project
229501,superhero,hero_dossiers,9,7,$project>$unwind>$unwind>$addFields>$match>$group>$project>$sort>$limit,$project,$limit,multi_unwind_grouped,long_8_to_9,True,True,True,2,1,2,1,1,1,1,$project+$unwind
244785,thrombosis_prediction,patient_clinical_profiles,8,6,$unwind>$project>$unwind>$match>$group>$project>$sort>$limit,$unwind,$limit,multi_unwind_grouped,long_8_to_9,True,True,True,2,1,2,0,1,1,1,$project+$unwind
291860,superhero,publisher_universes,8,5,$project>$unwind>$unwind>$project>$match>$sort>$limit>$project,$project,$project,unwind_filter_project,long_8_to_9,True,False,False,3,1,2,0,0,1,1,$project+$unwind
298561,toxicology,molecule_graphs,9,5,$project>$unwind>$match>$unwind>$unwind>$match>$project>$sort>$limit,$project,$limit,unwind_filter_project,long_8_to_9,True,False,False,2,2,3,0,0,1,1,$match+$project+$unwind
314163,toxicology,molecule_graphs,9,5,$project>$unwind>$match>$unwind>$unwind>$match>$project>$sort>$limit,$project,$limit,unwind_filter_project,long_8_to_9,True,False,False,2,2,3,0,0,1,1,$match+$project+$unwind
362579,european_football_2,match_documents,8,6,$unwind>$project>$unwind>$match>$group>$project>$sort>$limit,$unwind,$limit,multi_unwind_grouped,long_8_to_9,True,True,True,2,1,2,0,1,1,1,$project+$unwind
378735,california_schools,district_rollups,9,6,$project>$unwind>$unwind>$match>$group>$match>$project>$sort>$limit,$project,$limit,multi_unwind_grouped,long_8_to_9,True,True,True,2,2,2,0,1,1,1,$match+$project+$unwind
383559,superhero,publisher_universes,6,6,$unwind>$addFields>$match>$project>$sort>$limit,$unwind,$limit,unwind_filter_project,medium_6_to_7,True,False,False,1,1,1,1,0,1,1,none
399684,superhero,ability_catalog,9,6,$match>$project>$unwind>$unwind>$group>$match>$project>$sort>$limit,$match,$limit,multi_unwind_grouped,long_8_to_9,True,True,True,2,2,2,0,1,1,1,$match+$project+$unwind
419731,california_schools,district_rollups,8,5,$unwind>$match>$project>$unwind>$match>$project>$sort>$limit,$unwind,$limit,unwind_filter_project,long_8_to_9,True,False,False,2,2,2,0,0,1,1,$match+$project+$unwind
458389,toxicology,molecule_graphs,7,6,$addFields>$project>$unwind>$match>$project>$sort>$limit,$addFields,$limit,unwind_filter_project,medium_6_to_7,True,False,False,2,1,1,1,0,1,1,$project
461327,european_football_2,match_documents,9,7,$project>$unwind>$match>$group>$project>$addFields>$project>$sort>$limit,$project,$limit,unwind_grouped,long_8_to_9,True,True,True,3,1,1,1,1,1,1,$project
489193,codebase_community,community_threads,7,5,$addFields>$addFields>$addFields>$match>$project>$sort>$limit,$addFields,$limit,linear_filter_project,medium_6_to_7,False,False,False,1,1,0,3,0,1,1,$addFields
489348,superhero,publisher_universes,9,6,$unwind>$addFields>$project>$unwind>$match>$project>$sort>$limit>$project,$unwind,$project,unwind_filter_project,long_8_to_9,True,False,False,3,1,2,1,0,1,1,$project+$unwind
494285,thrombosis_prediction,patient_clinical_profiles,7,6,$addFields>$project>$unwind>$group>$project>$sort>$limit,$addFields,$limit,unwind_grouped,medium_6_to_7,True,True,True,2,0,1,1,1,1,1,$project
541019,formula_1,race_weekends_v2,6,5,$addFields>$unwind>$addFields>$project>$sort>$limit,$addFields,$limit,unwind_filter_project,medium_6_to_7,True,False,False,1,0,1,2,0,1,1,$addFields
543053,student_club,club_event_plans_v2,7,6,$project>$unwind>$addFields>$match>$project>$sort>$limit,$project,$limit,unwind_filter_project,medium_6_to_7,True,False,False,2,1,1,1,0,1,1,$project
564928,codebase_community,community_threads,8,6,$project>$unwind>$unwind>$group>$match>$project>$sort>$limit,$project,$limit,multi_unwind_grouped,long_8_to_9,True,True,True,2,1,2,0,1,1,1,$project+$unwind
575395,card_games,card_print_dossiers,8,6,$project>$unwind>$unwind>$match>$group>$project>$sort>$limit,$project,$limit,multi_unwind_grouped,long_8_to_9,True,True,True,2,1,2,0,1,1,1,$project+$unwind
581804,financial,party_relationship_graphs,6,5,$project>$addFields>$match>$project>$sort>$limit,$project,$limit,enrich_filter_project,medium_6_to_7,False,False,False,2,1,0,1,0,1,1,$project
590389,financial,party_relationship_graphs,6,5,$project>$unwind>$match>$project>$sort>$limit,$project,$limit,unwind_filter_project,medium_6_to_7,True,False,False,2,1,1,0,0,1,1,$project
593769,codebase_community,user_reputation_profiles,8,6,$addFields>$project>$unwind>$match>$project>$sort>$limit>$project,$addFields,$project,unwind_filter_project,long_8_to_9,True,False,False,3,1,1,1,0,1,1,$project
597079,student_club,club_event_plans_v2,7,6,$project>$unwind>$addFields>$match>$project>$sort>$limit,$project,$limit,unwind_filter_project,medium_6_to_7,True,False,False,2,1,1,1,0,1,1,$project
601274,european_football_2,team_profiles,9,7,$project>$unwind>$unwind>$group>$addFields>$match>$project>$sort>$limit,$project,$limit,multi_unwind_grouped,long_8_to_9,True,True,True,2,1,2,1,1,1,1,$project+$unwind
613725,student_club,club_member_accounts_v2,5,5,$addFields>$match>$sort>$project>$limit,$addFields,$limit,linear_filter_project,short_3_to_5,False,False,False,1,1,0,1,0,1,1,none
618676,student_club,club_member_accounts_v2,9,6,$unwind>$project>$unwind>$match>$group>$match>$project>$sort>$limit,$unwind,$limit,multi_unwind_grouped,long_8_to_9,True,True,True,2,2,2,0,1,1,1,$match+$project+$unwind
769697,debit_card_specializing,fuel_customer_spend_profiles,7,6,$addFields>$unwind>$project>$group>$project>$sort>$limit,$addFields,$limit,unwind_grouped,medium_6_to_7,True,True,True,2,0,1,1,1,1,1,$project
777816,superhero,ability_catalog,7,6,$addFields>$project>$unwind>$match>$project>$sort>$limit,$addFields,$limit,unwind_filter_project,medium_6_to_7,True,False,False,2,1,1,1,0,1,1,$project
792866,formula_1,f1_actor_profiles,6,5,$project>$unwind>$group>$project>$sort>$limit,$project,$limit,unwind_grouped,medium_6_to_7,True,True,True,2,0,1,0,1,1,1,$project
801484,debit_card_specializing,fuel_customer_spend_profiles,7,6,$addFields>$unwind>$project>$group>$project>$sort>$limit,$addFields,$limit,unwind_grouped,medium_6_to_7,True,True,True,2,0,1,1,1,1,1,$project
836015,toxicology,molecule_graphs,7,6,$unwind>$project>$group>$project>$match>$sort>$limit,$unwind,$limit,unwind_grouped,medium_6_to_7,True,True,True,2,1,1,0,1,1,1,$project
841310,student_club,club_event_plans_v2,7,6,$project>$unwind>$addFields>$match>$project>$sort>$limit,$project,$limit,unwind_filter_project,medium_6_to_7,True,False,False,2,1,1,1,0,1,1,$project
842868,debit_card_specializing,fuel_customer_spend_profiles,7,6,$addFields>$unwind>$project>$group>$project>$sort>$limit,$addFields,$limit,unwind_grouped,medium_6_to_7,True,True,True,2,0,1,1,1,1,1,$project
856325,formula_1,f1_actor_profiles,4,4,$match>$project>$sort>$limit,$match,$limit,linear_filter_project,short_3_to_5,False,False,False,1,1,0,0,0,1,1,none
862174,debit_card_specializing,fuel_customer_spend_profiles,8,7,$addFields>$project>$unwind>$match>$group>$project>$sort>$limit,$addFields,$limit,unwind_grouped,long_8_to_9,True,True,True,2,1,1,1,1,1,1,$project
892500,thrombosis_prediction,patient_clinical_profiles,6,5,$addFields>$addFields>$match>$project>$sort>$limit,$addFields,$limit,linear_filter_project,medium_6_to_7,False,False,False,1,1,0,2,0,1,1,$addFields
898160,formula_1,f1_actor_profiles,6,5,$project>$unwind>$group>$project>$sort>$limit,$project,$limit,unwind_grouped,medium_6_to_7,True,True,True,2,0,1,0,1,1,1,$project
907166,formula_1,f1_actor_profiles,4,4,$group>$sort>$limit>$project,$group,$project,group_without_unwind,short_3_to_5,False,True,False,1,0,0,0,1,1,1,none
912363,financial,counterparty_flow_profiles,7,6,$addFields>$project>$unwind>$match>$project>$sort>$limit,$addFields,$limit,unwind_filter_project,medium_6_to_7,True,False,False,2,1,1,1,0,1,1,$project
921321,european_football_2,match_documents,6,5,$addFields>$addFields>$match>$project>$sort>$limit,$addFields,$limit,linear_filter_project,medium_6_to_7,False,False,False,1,1,0,2,0,1,1,$addFields
922670,formula_1,race_weekends_v2,7,6,$addFields>$unwind>$project>$group>$project>$sort>$limit,$addFields,$limit,unwind_grouped,medium_6_to_7,True,True,True,2,0,1,1,1,1,1,$project
942551,formula_1,race_weekends_v2,9,6,$addFields>$project>$unwind>$match>$unwind>$match>$project>$sort>$limit,$addFields,$limit,unwind_filter_project,long_8_to_9,True,False,False,2,2,2,1,0,1,1,$match+$project+$unwind
944955,toxicology,molecule_graphs,9,7,$unwind>$addFields>$project>$unwind>$match>$group>$project>$sort>$limit,$unwind,$limit,multi_unwind_grouped,long_8_to_9,True,True,True,2,1,2,1,1,1,1,$project+$unwind
973429,thrombosis_prediction,patient_clinical_profiles,7,6,$addFields>$project>$unwind>$group>$sort>$limit>$project,$addFields,$project,unwind_grouped,medium_6_to_7,True,True,True,2,0,1,1,1,1,1,$project
988626,california_schools,district_rollups,8,5,$unwind>$match>$project>$unwind>$match>$project>$sort>$limit,$unwind,$limit,unwind_filter_project,long_8_to_9,True,False,False,2,2,2,0,0,1,1,$match+$project+$unwind
995409,financial,district_market_contexts,10,8,$addFields>$project>$unwind>$match>$project>$sort>$limit>$set>$unset>$project,$addFields,$project,unwind_filter_project,very_long_10_plus,True,False,False,3,1,1,1,0,1,1,$project
1009167,toxicology,molecule_graphs,7,6,$unwind>$addFields>$addFields>$match>$project>$sort>$limit,$unwind,$limit,unwind_filter_project,medium_6_to_7,True,False,False,1,1,1,2,0,1,1,$addFields
1010153,debit_card_specializing,fuel_station_market_catalog,8,7,$addFields>$project>$unwind>$match>$group>$project>$sort>$limit,$addFields,$limit,unwind_grouped,long_8_to_9,True,True,True,2,1,1,1,1,1,1,$project
1023512,financial,counterparty_flow_profiles,10,7,$addFields>$project>$unwind>$unwind>$match>$group>$match>$sort>$limit>$project,$addFields,$project,multi_unwind_grouped,very_long_10_plus,True,True,True,2,2,2,1,1,1,1,$match+$project+$unwind
1059501,financial,district_market_contexts,7,6,$project>$unwind>$addFields>$match>$project>$sort>$limit,$project,$limit,unwind_filter_project,medium_6_to_7,True,False,False,2,1,1,1,0,1,1,$project
1063226,formula_1,f1_actor_profiles,5,5,$addFields>$match>$sort>$project>$limit,$addFields,$limit,linear_filter_project,short_3_to_5,False,False,False,1,1,0,1,0,1,1,none
1070083,formula_1,f1_actor_profiles,5,5,$addFields>$match>$sort>$limit>$project,$addFields,$project,linear_filter_project,short_3_to_5,False,False,False,1,1,0,1,0,1,1,none
1117008,california_schools,district_rollups,8,5,$unwind>$match>$project>$unwind>$match>$project>$sort>$limit,$unwind,$limit,unwind_filter_project,long_8_to_9,True,False,False,2,2,2,0,0,1,1,$match+$project+$unwind
1127629,codebase_community,community_threads,5,5,$addFields>$match>$sort>$limit>$project,$addFields,$project,linear_filter_project,short_3_to_5,False,False,False,1,1,0,1,0,1,1,none
1153283,debit_card_specializing,fuel_customer_spend_profiles,7,6,$project>$unwind>$group>$match>$project>$sort>$limit,$project,$limit,unwind_grouped,medium_6_to_7,True,True,True,2,1,1,0,1,1,1,$project
1167175,student_club,club_event_plans_v2,9,5,$unwind>$project>$match>$unwind>$unwind>$match>$project>$sort>$limit,$unwind,$limit,unwind_filter_project,long_8_to_9,True,False,False,2,2,3,0,0,1,1,$match+$project+$unwind
1176487,california_schools,county_equity_assessment_panels,9,7,$project>$unwind>$unwind>$group>$addFields>$match>$project>$sort>$limit,$project,$limit,multi_unwind_grouped,long_8_to_9,True,True,True,2,1,2,1,1,1,1,$project+$unwind
1204829,formula_1,race_weekends_v2,7,6,$addFields>$unwind>$project>$group>$project>$sort>$limit,$addFields,$limit,unwind_grouped,medium_6_to_7,True,True,True,2,0,1,1,1,1,1,$project
1219683,california_schools,school_profiles,8,6,$addFields>$project>$unwind>$addFields>$group>$sort>$limit>$project,$addFields,$project,unwind_grouped,long_8_to_9,True,True,True,2,0,1,2,1,1,1,$addFields+$project
1224852,student_club,club_event_plans_v2,9,4,$unwind>$match>$project>$match>$unwind>$unwind>$match>$project>$sort,$unwind,$sort,unwind_filter_project,long_8_to_9,True,False,False,2,3,3,0,0,1,0,$match+$project+$unwind
1230432,debit_card_specializing,fuel_station_market_catalog,9,6,$project>$unwind>$unwind>$project>$match>$group>$project>$sort>$limit,$project,$limit,multi_unwind_grouped,long_8_to_9,True,True,True,3,1,2,0,1,1,1,$project+$unwind
1248463,european_football_2,league_season_buckets,5,4,$project>$unwind>$match>$group>$project,$project,$project,unwind_grouped,short_3_to_5,True,True,True,2,1,1,0,1,0,0,$project
1279316,card_games,card_print_dossiers,10,7,$addFields>$project>$unwind>$unwind>$match>$group>$match>$sort>$limit>$project,$addFields,$project,multi_unwind_grouped,very_long_10_plus,True,True,True,2,2,2,1,1,1,1,$match+$project+$unwind
1285584,superhero,hero_dossiers,6,5,$project>$unwind>$match>$project>$sort>$limit,$project,$limit,unwind_filter_project,medium_6_to_7,True,False,False,2,1,1,0,0,1,1,$project
1286333,codebase_community,community_threads,8,6,$project>$unwind>$unwind>$group>$match>$project>$sort>$limit,$project,$limit,multi_unwind_grouped,long_8_to_9,True,True,True,2,1,2,0,1,1,1,$project+$unwind
1304119,formula_1,f1_actor_profiles,4,4,$group>$sort>$limit>$project,$group,$project,group_without_unwind,short_3_to_5,False,True,False,1,0,0,0,1,1,1,none
1337298,codebase_community,community_threads,9,6,$unwind>$project>$unwind>$unwind>$match>$group>$project>$sort>$limit,$unwind,$limit,multi_unwind_grouped,long_8_to_9,True,True,True,2,1,3,0,1,1,1,$project+$unwind
1342504,thrombosis_prediction,patient_clinical_profiles,7,5,$addFields>$addFields>$addFields>$match>$sort>$project>$limit,$addFields,$limit,linear_filter_project,medium_6_to_7,False,False,False,1,1,0,3,0,1,1,$addFields
1386816,formula_1,f1_actor_profiles,6,5,$project>$unwind>$group>$project>$sort>$limit,$project,$limit,unwind_grouped,medium_6_to_7,True,True,True,2,0,1,0,1,1,1,$project
1398853,debit_card_specializing,fuel_station_market_catalog,9,6,$project>$unwind>$unwind>$project>$match>$group>$project>$sort>$limit,$project,$limit,multi_unwind_grouped,long_8_to_9,True,True,True,3,1,2,0,1,1,1,$project+$unwind
1412245,card_games,card_print_dossiers,8,5,$project>$addFields>$addFields>$addFields>$match>$project>$sort>$limit,$project,$limit,enrich_filter_project,long_8_to_9,False,False,False,2,1,0,3,0,1,1,$addFields+$project
1428168,european_football_2,match_documents,7,6,$project>$unwind>$match>$group>$project>$sort>$limit,$project,$limit,unwind_grouped,medium_6_to_7,True,True,True,2,1,1,0,1,1,1,$project
1434603,card_games,card_print_dossiers,6,6,$addFields>$match>$group>$sort>$limit>$project,$addFields,$project,group_without_unwind,medium_6_to_7,False,True,False,1,1,0,1,1,1,1,none
1455069,financial,account_ledgers,9,7,$addFields>$project>$unwind>$match>$group>$match>$project>$sort>$limit,$addFields,$limit,unwind_grouped,long_8_to_9,True,True,True,2,2,1,1,1,1,1,$match+$project
1481064,formula_1,f1_actor_profiles,6,5,$project>$unwind>$group>$project>$sort>$limit,$project,$limit,unwind_grouped,medium_6_to_7,True,True,True,2,0,1,0,1,1,1,$project
1498121,superhero,publisher_universes,8,6,$unwind>$addFields>$project>$unwind>$group>$sort>$limit>$project,$unwind,$project,multi_unwind_grouped,long_8_to_9,True,True,True,2,0,2,1,1,1,1,$project+$unwind
1507298,card_games,card_print_dossiers,7,6,$addFields>$project>$unwind>$match>$project>$sort>$limit,$addFields,$limit,unwind_filter_project,medium_6_to_7,True,False,False,2,1,1,1,0,1,1,$project
1553827,thrombosis_prediction,patient_clinical_profiles,8,7,$addFields>$project>$unwind>$match>$group>$project>$sort>$limit,$addFields,$limit,unwind_grouped,long_8_to_9,True,True,True,2,1,1,1,1,1,1,$project
1554144,card_games,card_print_dossiers,7,6,$addFields>$project>$unwind>$match>$project>$sort>$limit,$addFields,$limit,unwind_filter_project,medium_6_to_7,True,False,False,2,1,1,1,0,1,1,$project
1563731,codebase_community,community_threads,11,7,$unwind>$project>$unwind>$unwind>$match>$group>$project>$addFields>$project>$sort>$limit,$unwind,$limit,multi_unwind_grouped,very_long_10_plus,True,True,True,3,1,3,1,1,1,1,$project+$unwind
1613872,student_club,club_member_accounts_v2,7,6,$project>$unwind>$addFields>$match>$project>$sort>$limit,$project,$limit,unwind_filter_project,medium_6_to_7,True,False,False,2,1,1,1,0,1,1,$project
1638631,financial,district_market_contexts,8,6,$project>$unwind>$addFields>$match>$addFields>$project>$sort>$limit,$project,$limit,unwind_filter_project,long_8_to_9,True,False,False,2,1,1,2,0,1,1,$addFields+$project
1643708,student_club,club_event_plans_v2,8,4,$unwind>$project>$match>$unwind>$unwind>$match>$project>$sort,$unwind,$sort,unwind_filter_project,long_8_to_9,True,False,False,2,2,3,0,0,1,0,$match+$project+$unwind
1643740,card_games,set_release_ecosystems,7,6,$project>$unwind>$group>$match>$project>$sort>$limit,$project,$limit,unwind_grouped,medium_6_to_7,True,True,True,2,1,1,0,1,1,1,$project
1653653,codebase_community,tag_topic_ecosystems,12,7,$project>$unwind>$project>$unwind>$addFields>$match>$group>$addFields>$match>$project>$sort>$limit,$project,$limit,multi_unwind_grouped,very_long_10_plus,True,True,True,3,2,2,2,1,1,1,$addFields+$match+$project+$unwind
1664120,california_schools,district_rollups,5,5,$addFields>$match>$project>$sort>$limit,$addFields,$limit,linear_filter_project,short_3_to_5,False,False,False,1,1,0,1,0,1,1,none
1670186,superhero,ability_catalog,9,6,$match>$project>$unwind>$unwind>$group>$match>$project>$sort>$limit,$match,$limit,multi_unwind_grouped,long_8_to_9,True,True,True,2,2,2,0,1,1,1,$match+$project+$unwind
1675113,thrombosis_prediction,patient_clinical_profiles,8,6,$unwind>$project>$unwind>$match>$group>$project>$sort>$limit,$unwind,$limit,multi_unwind_grouped,long_8_to_9,True,True,True,2,1,2,0,1,1,1,$project+$unwind
1698876,toxicology,molecule_graphs,9,6,$project>$unwind>$match>$unwind>$addFields>$match>$project>$sort>$limit,$project,$limit,unwind_filter_project,long_8_to_9,True,False,False,2,2,2,1,0,1,1,$match+$project+$unwind
1718579,european_football_2,player_profiles,4,4,$project>$match>$sort>$limit,$project,$limit,linear_filter_project,short_3_to_5,False,False,False,1,1,0,0,0,1,1,none
1791286,financial,account_ledgers,7,7,$addFields>$project>$unwind>$group>$sort>$limit>$replaceRoot,$addFields,$replaceRoot,unwind_grouped,medium_6_to_7,True,True,True,1,0,1,1,1,1,1,none
1792401,european_football_2,league_season_buckets,8,6,$project>$project>$unwind>$match>$group>$project>$sort>$limit,$project,$limit,unwind_grouped,long_8_to_9,True,True,True,3,1,1,0,1,1,1,$project
1806736,debit_card_specializing,fuel_customer_spend_profiles,7,6,$project>$unwind>$match>$group>$project>$sort>$limit,$project,$limit,unwind_grouped,medium_6_to_7,True,True,True,2,1,1,0,1,1,1,$project
1812291,california_schools,county_equity_assessment_panels,6,5,$project>$unwind>$match>$project>$sort>$limit,$project,$limit,unwind_filter_project,medium_6_to_7,True,False,False,2,1,1,0,0,1,1,$project
1831115,codebase_community,tag_topic_ecosystems,12,7,$project>$unwind>$project>$unwind>$addFields>$match>$group>$addFields>$match>$project>$sort>$limit,$project,$limit,multi_unwind_grouped,very_long_10_plus,True,True,True,3,2,2,2,1,1,1,$addFields+$match+$project+$unwind
1834734,thrombosis_prediction,patient_clinical_profiles,8,7,$addFields>$project>$unwind>$match>$group>$sort>$limit>$project,$addFields,$project,unwind_grouped,long_8_to_9,True,True,True,2,1,1,1,1,1,1,$project
1844689,card_games,card_print_dossiers,8,5,$project>$addFields>$addFields>$addFields>$match>$sort>$project>$limit,$project,$limit,enrich_filter_project,long_8_to_9,False,False,False,2,1,0,3,0,1,1,$addFields+$project
1848562,california_schools,school_profiles,5,5,$addFields>$match>$project>$sort>$limit,$addFields,$limit,linear_filter_project,short_3_to_5,False,False,False,1,1,0,1,0,1,1,none
1867312,toxicology,molecule_graphs,7,6,$unwind>$addFields>$addFields>$match>$project>$sort>$limit,$unwind,$limit,unwind_filter_project,medium_6_to_7,True,False,False,1,1,1,2,0,1,1,$addFields
1900723,codebase_community,tag_topic_ecosystems,12,7,$project>$unwind>$project>$unwind>$addFields>$match>$group>$addFields>$match>$project>$sort>$limit,$project,$limit,multi_unwind_grouped,very_long_10_plus,True,True,True,3,2,2,2,1,1,1,$addFields+$match+$project+$unwind
1907119,card_games,card_print_dossiers,8,6,$project>$unwind>$unwind>$match>$group>$project>$sort>$limit,$project,$limit,multi_unwind_grouped,long_8_to_9,True,True,True,2,1,2,0,1,1,1,$project+$unwind
1919094,financial,account_ledgers,7,6,$addFields>$project>$unwind>$match>$project>$sort>$limit,$addFields,$limit,unwind_filter_project,medium_6_to_7,True,False,False,2,1,1,1,0,1,1,$project
1923286,formula_1,race_weekends_v2,6,5,$addFields>$unwind>$addFields>$project>$sort>$limit,$addFields,$limit,unwind_filter_project,medium_6_to_7,True,False,False,1,0,1,2,0,1,1,$addFields
1934362,california_schools,district_rollups,6,6,$addFields>$unwind>$match>$project>$sort>$limit,$addFields,$limit,unwind_filter_project,medium_6_to_7,True,False,False,1,1,1,1,0,1,1,none
1934658,codebase_community,user_reputation_profiles,4,4,$project>$match>$sort>$limit,$project,$limit,linear_filter_project,short_3_to_5,False,False,False,1,1,0,0,0,1,1,none
1944682,financial,account_ledgers,8,6,$project>$unwind>$unwind>$match>$group>$project>$sort>$limit,$project,$limit,multi_unwind_grouped,long_8_to_9,True,True,True,2,1,2,0,1,1,1,$project+$unwind
1948084,financial,account_ledgers,7,6,$project>$unwind>$addFields>$group>$project>$sort>$limit,$project,$limit,unwind_grouped,medium_6_to_7,True,True,True,2,0,1,1,1,1,1,$project
2012038,toxicology,molecule_graphs,6,6,$unwind>$addFields>$project>$match>$sort>$limit,$unwind,$limit,unwind_filter_project,medium_6_to_7,True,False,False,1,1,1,1,0,1,1,none
2013480,student_club,club_event_plans_v2,8,5,$addFields>$project>$match>$project>$addFields>$sort>$limit>$project,$addFields,$project,enrich_filter_project,long_8_to_9,False,False,False,3,1,0,2,0,1,1,$addFields+$project
2015985,student_club,club_member_accounts_v2,9,5,$addFields>$addFields>$addFields>$addFields>$addFields>$match>$sort>$limit>$project,$addFields,$project,linear_filter_project,long_8_to_9,False,False,False,1,1,0,5,0,1,1,$addFields
2050052,codebase_community,tag_topic_ecosystems,10,6,$addFields>$unwind>$match>$addFields>$unwind>$match>$project>$addFields>$sort>$limit,$addFields,$limit,unwind_filter_project,very_long_10_plus,True,False,False,1,2,2,3,0,1,1,$addFields+$match+$unwind
2056448,debit_card_specializing,fuel_station_market_catalog,9,6,$project>$unwind>$unwind>$project>$match>$group>$project>$sort>$limit,$project,$limit,multi_unwind_grouped,long_8_to_9,True,True,True,3,1,2,0,1,1,1,$project+$unwind
2061444,codebase_community,community_threads,8,6,$project>$unwind>$unwind>$group>$match>$project>$sort>$limit,$project,$limit,multi_unwind_grouped,long_8_to_9,True,True,True,2,1,2,0,1,1,1,$project+$unwind
2070090,toxicology,molecule_graphs,7,6,$addFields>$project>$unwind>$match>$project>$sort>$limit,$addFields,$limit,unwind_filter_project,medium_6_to_7,True,False,False,2,1,1,1,0,1,1,$project
2088991,student_club,club_member_accounts_v2,9,6,$unwind>$project>$unwind>$match>$group>$match>$project>$sort>$limit,$unwind,$limit,multi_unwind_grouped,long_8_to_9,True,True,True,2,2,2,0,1,1,1,$match+$project+$unwind
2120914,debit_card_specializing,fuel_customer_spend_profiles,7,6,$project>$unwind>$match>$group>$project>$sort>$limit,$project,$limit,unwind_grouped,medium_6_to_7,True,True,True,2,1,1,0,1,1,1,$project
2121196,student_club,club_event_plans_v2,6,5,$project>$unwind>$match>$sort>$limit>$project,$project,$project,unwind_filter_project,medium_6_to_7,True,False,False,2,1,1,0,0,1,1,$project
2123864,toxicology,molecule_graphs,7,6,$addFields>$project>$unwind>$match>$project>$sort>$limit,$addFields,$limit,unwind_filter_project,medium_6_to_7,True,False,False,2,1,1,1,0,1,1,$project
2131662,financial,account_ledgers,7,6,$project>$unwind>$addFields>$group>$project>$sort>$limit,$project,$limit,unwind_grouped,medium_6_to_7,True,True,True,2,0,1,1,1,1,1,$project
2147241,california_schools,school_profiles,10,7,$addFields>$project>$unwind>$unwind>$match>$group>$match>$sort>$limit>$project,$addFields,$project,multi_unwind_grouped,very_long_10_plus,True,True,True,2,2,2,1,1,1,1,$match+$project+$unwind
2149731,card_games,set_release_ecosystems,7,6,$project>$unwind>$group>$match>$project>$sort>$limit,$project,$limit,unwind_grouped,medium_6_to_7,True,True,True,2,1,1,0,1,1,1,$project
2162001,student_club,club_event_plans_v2,6,5,$addFields>$addFields>$match>$project>$sort>$limit,$addFields,$limit,linear_filter_project,medium_6_to_7,False,False,False,1,1,0,2,0,1,1,$addFields
2216874,codebase_community,community_threads,5,5,$addFields>$match>$project>$sort>$limit,$addFields,$limit,linear_filter_project,short_3_to_5,False,False,False,1,1,0,1,0,1,1,none
2229736,european_football_2,match_documents,8,6,$unwind>$project>$unwind>$match>$group>$project>$sort>$limit,$unwind,$limit,multi_unwind_grouped,long_8_to_9,True,True,True,2,1,2,0,1,1,1,$project+$unwind
2292209,debit_card_specializing,fuel_product_payment_timeline,9,6,$addFields>$project>$unwind>$match>$project>$addFields>$project>$sort>$limit,$addFields,$limit,unwind_filter_project,long_8_to_9,True,False,False,3,1,1,2,0,1,1,$addFields+$project
2353762,codebase_community,user_reputation_profiles,7,6,$addFields>$project>$unwind>$match>$project>$sort>$limit,$addFields,$limit,unwind_filter_project,medium_6_to_7,True,False,False,2,1,1,1,0,1,1,$project
2359630,financial,counterparty_flow_profiles,9,7,$addFields>$project>$unwind>$match>$group>$match>$sort>$limit>$project,$addFields,$project,unwind_grouped,long_8_to_9,True,True,True,2,2,1,1,1,1,1,$match+$project
2364071,student_club,club_member_accounts_v2,7,6,$project>$unwind>$addFields>$match>$project>$sort>$limit,$project,$limit,unwind_filter_project,medium_6_to_7,True,False,False,2,1,1,1,0,1,1,$project
2383942,financial,counterparty_flow_profiles,7,6,$addFields>$project>$unwind>$match>$project>$sort>$limit,$addFields,$limit,unwind_filter_project,medium_6_to_7,True,False,False,2,1,1,1,0,1,1,$project
2385837,toxicology,molecule_graphs,8,7,$addFields>$project>$unwind>$match>$group>$project>$sort>$limit,$addFields,$limit,unwind_grouped,long_8_to_9,True,True,True,2,1,1,1,1,1,1,$project
2386089,card_games,card_print_dossiers,8,6,$project>$unwind>$unwind>$match>$group>$project>$sort>$limit,$project,$limit,multi_unwind_grouped,long_8_to_9,True,True,True,2,1,2,0,1,1,1,$project+$unwind
2394278,debit_card_specializing,fuel_customer_spend_profiles,7,6,$addFields>$unwind>$project>$group>$project>$sort>$limit,$addFields,$limit,unwind_grouped,medium_6_to_7,True,True,True,2,0,1,1,1,1,1,$project
2403044,financial,counterparty_flow_profiles,7,6,$addFields>$project>$unwind>$group>$sort>$limit>$project,$addFields,$project,unwind_grouped,medium_6_to_7,True,True,True,2,0,1,1,1,1,1,$project
2413263,student_club,club_event_plans_v2,7,6,$addFields>$project>$unwind>$group>$project>$sort>$limit,$addFields,$limit,unwind_grouped,medium_6_to_7,True,True,True,2,0,1,1,1,1,1,$project
2415570,codebase_community,community_threads,7,6,$addFields>$project>$unwind>$match>$project>$sort>$limit,$addFields,$limit,unwind_filter_project,medium_6_to_7,True,False,False,2,1,1,1,0,1,1,$project
2428852,california_schools,district_rollups,9,6,$project>$unwind>$unwind>$match>$group>$match>$project>$sort>$limit,$project,$limit,multi_unwind_grouped,long_8_to_9,True,True,True,2,2,2,0,1,1,1,$match+$project+$unwind
2435745,toxicology,molecule_graphs,7,6,$addFields>$project>$unwind>$match>$project>$sort>$limit,$addFields,$limit,unwind_filter_project,medium_6_to_7,True,False,False,2,1,1,1,0,1,1,$project
2438997,financial,party_relationship_graphs,7,6,$addFields>$project>$unwind>$group>$project>$sort>$limit,$addFields,$limit,unwind_grouped,medium_6_to_7,True,True,True,2,0,1,1,1,1,1,$project
2468699,california_schools,school_profiles,10,7,$addFields>$project>$unwind>$unwind>$match>$group>$match>$sort>$limit>$project,$addFields,$project,multi_unwind_grouped,very_long_10_plus,True,True,True,2,2,2,1,1,1,1,$match+$project+$unwind
2474334,financial,account_ledgers,10,7,$addFields>$project>$unwind>$unwind>$match>$group>$match>$sort>$limit>$project,$addFields,$project,multi_unwind_grouped,very_long_10_plus,True,True,True,2,2,2,1,1,1,1,$match+$project+$unwind
2499417,card_games,card_print_dossiers,6,6,$match>$addFields>$group>$sort>$limit>$project,$match,$project,group_without_unwind,medium_6_to_7,False,True,False,1,1,0,1,1,1,1,none
2519716,codebase_community,tag_topic_ecosystems,12,7,$project>$unwind>$project>$unwind>$addFields>$match>$group>$addFields>$match>$project>$sort>$limit,$project,$limit,multi_unwind_grouped,very_long_10_plus,True,True,True,3,2,2,2,1,1,1,$addFields+$match+$project+$unwind
2528331,california_schools,school_profiles,8,6,$addFields>$project>$unwind>$addFields>$group>$sort>$limit>$project,$addFields,$project,unwind_grouped,long_8_to_9,True,True,True,2,0,1,2,1,1,1,$addFields+$project
2536825,student_club,club_event_plans_v2,9,5,$unwind>$project>$match>$unwind>$unwind>$match>$project>$sort>$limit,$unwind,$limit,unwind_filter_project,long_8_to_9,True,False,False,2,2,3,0,0,1,1,$match+$project+$unwind
2547372,student_club,club_member_accounts_v2,7,6,$addFields>$project>$unwind>$match>$project>$sort>$limit,$addFields,$limit,unwind_filter_project,medium_6_to_7,True,False,False,2,1,1,1,0,1,1,$project
2561350,toxicology,molecule_graphs,8,7,$addFields>$project>$unwind>$match>$group>$sort>$limit>$project,$addFields,$project,unwind_grouped,long_8_to_9,True,True,True,2,1,1,1,1,1,1,$project
2562431,card_games,card_print_dossiers,8,5,$project>$addFields>$addFields>$addFields>$match>$project>$sort>$limit,$project,$limit,enrich_filter_project,long_8_to_9,False,False,False,2,1,0,3,0,1,1,$addFields+$project
2590935,debit_card_specializing,fuel_customer_spend_profiles,7,6,$addFields>$project>$unwind>$match>$project>$sort>$limit,$addFields,$limit,unwind_filter_project,medium_6_to_7,True,False,False,2,1,1,1,0,1,1,$project
2602335,formula_1,f1_actor_profiles,4,4,$addFields>$project>$sort>$limit,$addFields,$limit,linear_filter_project,short_3_to_5,False,False,False,1,0,0,1,0,1,1,none
2603754,thrombosis_prediction,measurement_code_bags,6,5,$project>$unwind>$match>$project>$sort>$limit,$project,$limit,unwind_filter_project,medium_6_to_7,True,False,False,2,1,1,0,0,1,1,$project
2610530,superhero,publisher_universes,7,6,$unwind>$addFields>$project>$match>$sort>$limit>$project,$unwind,$project,unwind_filter_project,medium_6_to_7,True,False,False,2,1,1,1,0,1,1,$project
2612798,toxicology,molecule_graphs,7,6,$addFields>$project>$unwind>$match>$project>$sort>$limit,$addFields,$limit,unwind_filter_project,medium_6_to_7,True,False,False,2,1,1,1,0,1,1,$project
2638239,toxicology,molecule_graphs,7,6,$unwind>$project>$addFields>$match>$project>$sort>$limit,$unwind,$limit,unwind_filter_project,medium_6_to_7,True,False,False,2,1,1,1,0,1,1,$project
2642592,california_schools,county_equity_assessment_panels,9,7,$project>$unwind>$unwind>$group>$addFields>$match>$project>$sort>$limit,$project,$limit,multi_unwind_grouped,long_8_to_9,True,True,True,2,1,2,1,1,1,1,$project+$unwind
2660022,student_club,club_member_accounts_v2,7,6,$project>$unwind>$addFields>$match>$project>$sort>$limit,$project,$limit,unwind_filter_project,medium_6_to_7,True,False,False,2,1,1,1,0,1,1,$project
2691507,financial,party_relationship_graphs,8,7,$addFields>$project>$unwind>$match>$group>$project>$sort>$limit,$addFields,$limit,unwind_grouped,long_8_to_9,True,True,True,2,1,1,1,1,1,1,$project
2724444,codebase_community,community_threads,8,6,$project>$unwind>$unwind>$group>$match>$project>$sort>$limit,$project,$limit,multi_unwind_grouped,long_8_to_9,True,True,True,2,1,2,0,1,1,1,$project+$unwind
2738151,debit_card_specializing,fuel_customer_spend_profiles,7,6,$addFields>$unwind>$project>$group>$project>$sort>$limit,$addFields,$limit,unwind_grouped,medium_6_to_7,True,True,True,2,0,1,1,1,1,1,$project
2754822,financial,account_ledgers,8,6,$project>$unwind>$unwind>$match>$group>$project>$sort>$limit,$project,$limit,multi_unwind_grouped,long_8_to_9,True,True,True,2,1,2,0,1,1,1,$project+$unwind
2757085,student_club,club_member_accounts_v2,5,5,$addFields>$match>$sort>$project>$limit,$addFields,$limit,linear_filter_project,short_3_to_5,False,False,False,1,1,0,1,0,1,1,none
2765589,financial,account_ledgers,7,6,$addFields>$project>$unwind>$group>$project>$sort>$limit,$addFields,$limit,unwind_grouped,medium_6_to_7,True,True,True,2,0,1,1,1,1,1,$project
2791422,superhero,publisher_universes,8,5,$project>$unwind>$unwind>$project>$match>$sort>$limit>$project,$project,$project,unwind_filter_project,long_8_to_9,True,False,False,3,1,2,0,0,1,1,$project+$unwind
2794504,european_football_2,league_season_buckets,8,7,$addFields>$addFields>$unwind>$match>$group>$project>$sort>$limit,$addFields,$limit,unwind_grouped,long_8_to_9,True,True,True,1,1,1,2,1,1,1,$addFields
2804691,toxicology,molecule_graphs,7,6,$addFields>$project>$unwind>$match>$project>$sort>$limit,$addFields,$limit,unwind_filter_project,medium_6_to_7,True,False,False,2,1,1,1,0,1,1,$project
2809661,thrombosis_prediction,patient_clinical_profiles,7,5,$addFields>$addFields>$addFields>$match>$project>$sort>$limit,$addFields,$limit,linear_filter_project,medium_6_to_7,False,False,False,1,1,0,3,0,1,1,$addFields
2832295,debit_card_specializing,fuel_station_market_catalog,9,6,$project>$unwind>$unwind>$project>$match>$group>$project>$sort>$limit,$project,$limit,multi_unwind_grouped,long_8_to_9,True,True,True,3,1,2,0,1,1,1,$project+$unwind
2834390,financial,counterparty_flow_profiles,7,6,$addFields>$project>$unwind>$group>$sort>$limit>$project,$addFields,$project,unwind_grouped,medium_6_to_7,True,True,True,2,0,1,1,1,1,1,$project
2855727,card_games,set_release_ecosystems,8,7,$addFields>$project>$unwind>$match>$group>$project>$sort>$limit,$addFields,$limit,unwind_grouped,long_8_to_9,True,True,True,2,1,1,1,1,1,1,$project
2857594,thrombosis_prediction,patient_clinical_profiles,10,7,$addFields>$project>$unwind>$unwind>$match>$group>$match>$sort>$limit>$project,$addFields,$project,multi_unwind_grouped,very_long_10_plus,True,True,True,2,2,2,1,1,1,1,$match+$project+$unwind
2869599,financial,counterparty_flow_profiles,11,7,$addFields>$project>$unwind>$match>$unwind>$match>$group>$match>$sort>$limit>$project,$addFields,$project,multi_unwind_grouped,very_long_10_plus,True,True,True,2,3,2,1,1,1,1,$match+$project+$unwind
2873655,california_schools,school_profiles,10,7,$addFields>$project>$unwind>$unwind>$match>$group>$match>$sort>$limit>$project,$addFields,$project,multi_unwind_grouped,very_long_10_plus,True,True,True,2,2,2,1,1,1,1,$match+$project+$unwind
2883309,financial,account_ledgers,7,6,$project>$unwind>$addFields>$group>$project>$sort>$limit,$project,$limit,unwind_grouped,medium_6_to_7,True,True,True,2,0,1,1,1,1,1,$project
2913838,thrombosis_prediction,patient_clinical_profiles,8,6,$unwind>$project>$unwind>$match>$group>$project>$sort>$limit,$unwind,$limit,multi_unwind_grouped,long_8_to_9,True,True,True,2,1,2,0,1,1,1,$project+$unwind
2933237,toxicology,molecule_graphs,5,5,$addFields>$match>$project>$sort>$limit,$addFields,$limit,linear_filter_project,short_3_to_5,False,False,False,1,1,0,1,0,1,1,none
2959894,codebase_community,community_threads,8,6,$project>$unwind>$unwind>$group>$match>$project>$sort>$limit,$project,$limit,multi_unwind_grouped,long_8_to_9,True,True,True,2,1,2,0,1,1,1,$project+$unwind
2960378,formula_1,race_weekends_v2,6,5,$addFields>$unwind>$addFields>$project>$sort>$limit,$addFields,$limit,unwind_filter_project,medium_6_to_7,True,False,False,1,0,1,2,0,1,1,$addFields
2969726,thrombosis_prediction,diagnosis_risk_panels,8,6,$project>$unwind>$unwind>$group>$match>$project>$sort>$limit,$project,$limit,multi_unwind_grouped,long_8_to_9,True,True,True,2,1,2,0,1,1,1,$project+$unwind
2987721,european_football_2,team_profiles,9,7,$project>$unwind>$unwind>$group>$addFields>$match>$project>$sort>$limit,$project,$limit,multi_unwind_grouped,long_8_to_9,True,True,True,2,1,2,1,1,1,1,$project+$unwind
2994168,european_football_2,match_documents,8,7,$addFields>$match>$unwind>$group>$project>$sort>$limit>$project,$addFields,$project,unwind_grouped,long_8_to_9,True,True,True,2,1,1,1,1,1,1,$project
2997177,debit_card_specializing,fuel_product_payment_timeline,7,6,$addFields>$project>$unwind>$match>$project>$sort>$limit,$addFields,$limit,unwind_filter_project,medium_6_to_7,True,False,False,2,1,1,1,0,1,1,$project
3004924,student_club,club_member_accounts_v2,7,6,$addFields>$project>$unwind>$group>$sort>$limit>$project,$addFields,$project,unwind_grouped,medium_6_to_7,True,True,True,2,0,1,1,1,1,1,$project
3006409,california_schools,district_rollups,8,7,$addFields>$project>$unwind>$match>$group>$sort>$limit>$project,$addFields,$project,unwind_grouped,long_8_to_9,True,True,True,2,1,1,1,1,1,1,$project
3021436,debit_card_specializing,fuel_product_payment_timeline,8,6,$addFields>$project>$unwind>$addFields>$group>$sort>$limit>$project,$addFields,$project,unwind_grouped,long_8_to_9,True,True,True,2,0,1,2,1,1,1,$addFields+$project
3023629,thrombosis_prediction,measurement_code_bags,6,5,$project>$unwind>$match>$project>$sort>$limit,$project,$limit,unwind_filter_project,medium_6_to_7,True,False,False,2,1,1,0,0,1,1,$project
3030899,card_games,set_release_ecosystems,7,6,$project>$unwind>$group>$match>$project>$sort>$limit,$project,$limit,unwind_grouped,medium_6_to_7,True,True,True,2,1,1,0,1,1,1,$project
3045311,thrombosis_prediction,measurement_code_bags,6,5,$project>$unwind>$match>$project>$sort>$limit,$project,$limit,unwind_filter_project,medium_6_to_7,True,False,False,2,1,1,0,0,1,1,$project
3055076,european_football_2,match_documents,8,6,$unwind>$project>$unwind>$match>$group>$project>$sort>$limit,$unwind,$limit,multi_unwind_grouped,long_8_to_9,True,True,True,2,1,2,0,1,1,1,$project+$unwind
3055485,debit_card_specializing,fuel_station_market_catalog,9,6,$project>$unwind>$unwind>$project>$match>$group>$project>$sort>$limit,$project,$limit,multi_unwind_grouped,long_8_to_9,True,True,True,3,1,2,0,1,1,1,$project+$unwind
3066255,student_club,club_member_accounts_v2,7,6,$project>$unwind>$addFields>$match>$project>$sort>$limit,$project,$limit,unwind_filter_project,medium_6_to_7,True,False,False,2,1,1,1,0,1,1,$project
3071946,european_football_2,match_documents,8,6,$unwind>$project>$unwind>$match>$group>$project>$sort>$limit,$unwind,$limit,multi_unwind_grouped,long_8_to_9,True,True,True,2,1,2,0,1,1,1,$project+$unwind
3096312,toxicology,molecule_graphs,6,6,$unwind>$addFields>$match>$project>$sort>$limit,$unwind,$limit,unwind_filter_project,medium_6_to_7,True,False,False,1,1,1,1,0,1,1,none
3104232,european_football_2,league_season_buckets,6,5,$addFields>$project>$match>$project>$sort>$limit,$addFields,$limit,enrich_filter_project,medium_6_to_7,False,False,False,2,1,0,1,0,1,1,$project
3132485,debit_card_specializing,fuel_station_market_catalog,6,5,$addFields>$addFields>$match>$project>$sort>$limit,$addFields,$limit,linear_filter_project,medium_6_to_7,False,False,False,1,1,0,2,0,1,1,$addFields
3139269,student_club,club_member_accounts_v2,4,4,$project>$match>$sort>$limit,$project,$limit,linear_filter_project,short_3_to_5,False,False,False,1,1,0,0,0,1,1,none
3139434,debit_card_specializing,fuel_customer_spend_profiles,7,6,$addFields>$unwind>$project>$group>$project>$sort>$limit,$addFields,$limit,unwind_grouped,medium_6_to_7,True,True,True,2,0,1,1,1,1,1,$project
3159621,thrombosis_prediction,patient_clinical_profiles,6,5,$addFields>$addFields>$match>$project>$sort>$limit,$addFields,$limit,linear_filter_project,medium_6_to_7,False,False,False,1,1,0,2,0,1,1,$addFields
3167783,codebase_community,user_reputation_profiles,7,6,$addFields>$project>$unwind>$match>$project>$sort>$limit,$addFields,$limit,unwind_filter_project,medium_6_to_7,True,False,False,2,1,1,1,0,1,1,$project
3174678,thrombosis_prediction,patient_clinical_profiles,6,5,$addFields>$addFields>$match>$project>$sort>$limit,$addFields,$limit,linear_filter_project,medium_6_to_7,False,False,False,1,1,0,2,0,1,1,$addFields
3187820,formula_1,race_weekends_v2,7,6,$addFields>$unwind>$project>$group>$project>$sort>$limit,$addFields,$limit,unwind_grouped,medium_6_to_7,True,True,True,2,0,1,1,1,1,1,$project
3192218,toxicology,molecule_graphs,6,6,$unwind>$addFields>$match>$project>$sort>$limit,$unwind,$limit,unwind_filter_project,medium_6_to_7,True,False,False,1,1,1,1,0,1,1,none
3223654,superhero,publisher_universes,7,5,$unwind>$project>$unwind>$match>$project>$sort>$limit,$unwind,$limit,unwind_filter_project,medium_6_to_7,True,False,False,2,1,2,0,0,1,1,$project+$unwind
3229860,california_schools,district_rollups,8,5,$unwind>$match>$project>$unwind>$match>$project>$sort>$limit,$unwind,$limit,unwind_filter_project,long_8_to_9,True,False,False,2,2,2,0,0,1,1,$match+$project+$unwind
3231893,codebase_community,community_threads,8,6,$addFields>$project>$unwind>$match>$project>$sort>$limit>$project,$addFields,$project,unwind_filter_project,long_8_to_9,True,False,False,3,1,1,1,0,1,1,$project
3245035,student_club,club_member_accounts_v2,6,6,$addFields>$unwind>$match>$project>$sort>$limit,$addFields,$limit,unwind_filter_project,medium_6_to_7,True,False,False,1,1,1,1,0,1,1,none
3249812,superhero,publisher_universes,7,6,$unwind>$addFields>$addFields>$match>$sort>$project>$limit,$unwind,$limit,unwind_filter_project,medium_6_to_7,True,False,False,1,1,1,2,0,1,1,$addFields
3250106,california_schools,county_equity_assessment_panels,8,7,$addFields>$project>$unwind>$match>$group>$sort>$limit>$project,$addFields,$project,unwind_grouped,long_8_to_9,True,True,True,2,1,1,1,1,1,1,$project
3283711,codebase_community,user_reputation_profiles,5,5,$addFields>$match>$project>$sort>$limit,$addFields,$limit,linear_filter_project,short_3_to_5,False,False,False,1,1,0,1,0,1,1,none
3290829,financial,district_market_contexts,7,6,$project>$unwind>$addFields>$match>$project>$sort>$limit,$project,$limit,unwind_filter_project,medium_6_to_7,True,False,False,2,1,1,1,0,1,1,$project
3312179,student_club,club_member_accounts_v2,6,5,$match>$addFields>$project>$sort>$project>$limit,$match,$limit,enrich_filter_project,medium_6_to_7,False,False,False,2,1,0,1,0,1,1,$project
3312220,thrombosis_prediction,patient_clinical_profiles,8,6,$unwind>$project>$unwind>$match>$group>$project>$sort>$limit,$unwind,$limit,multi_unwind_grouped,long_8_to_9,True,True,True,2,1,2,0,1,1,1,$project+$unwind
3319621,student_club,club_member_accounts_v2,7,6,$addFields>$project>$unwind>$match>$project>$sort>$limit,$addFields,$limit,unwind_filter_project,medium_6_to_7,True,False,False,2,1,1,1,0,1,1,$project
3324414,california_schools,district_rollups,9,6,$project>$unwind>$unwind>$match>$group>$match>$project>$sort>$limit,$project,$limit,multi_unwind_grouped,long_8_to_9,True,True,True,2,2,2,0,1,1,1,$match+$project+$unwind
3352084,european_football_2,match_documents,7,6,$project>$unwind>$match>$group>$project>$sort>$limit,$project,$limit,unwind_grouped,medium_6_to_7,True,True,True,2,1,1,0,1,1,1,$project
3383445,california_schools,district_rollups,8,5,$unwind>$match>$project>$unwind>$match>$project>$sort>$limit,$unwind,$limit,unwind_filter_project,long_8_to_9,True,False,False,2,2,2,0,0,1,1,$match+$project+$unwind
3388408,card_games,card_print_dossiers,7,6,$addFields>$project>$unwind>$match>$project>$sort>$limit,$addFields,$limit,unwind_filter_project,medium_6_to_7,True,False,False,2,1,1,1,0,1,1,$project
3401204,toxicology,molecule_graphs,9,6,$project>$unwind>$match>$unwind>$addFields>$match>$project>$sort>$limit,$project,$limit,unwind_filter_project,long_8_to_9,True,False,False,2,2,2,1,0,1,1,$match+$project+$unwind
3410090,codebase_community,community_threads,8,6,$project>$unwind>$unwind>$group>$match>$project>$sort>$limit,$project,$limit,multi_unwind_grouped,long_8_to_9,True,True,True,2,1,2,0,1,1,1,$project+$unwind
3410185,codebase_community,community_threads,9,6,$unwind>$match>$project>$unwind>$unwind>$group>$project>$sort>$limit,$unwind,$limit,multi_unwind_grouped,long_8_to_9,True,True,True,2,1,3,0,1,1,1,$project+$unwind
3449539,formula_1,race_weekends_v2,6,5,$addFields>$unwind>$addFields>$project>$sort>$limit,$addFields,$limit,unwind_filter_project,medium_6_to_7,True,False,False,1,0,1,2,0,1,1,$addFields
3458765,financial,account_ledgers,5,4,$project>$unwind>$match>$project>$sort,$project,$sort,unwind_filter_project,short_3_to_5,True,False,False,2,1,1,0,0,1,0,$project
3478427,debit_card_specializing,fuel_customer_spend_profiles,7,6,$addFields>$unwind>$project>$group>$project>$sort>$limit,$addFields,$limit,unwind_grouped,medium_6_to_7,True,True,True,2,0,1,1,1,1,1,$project
3505401,financial,party_relationship_graphs,8,7,$addFields>$project>$unwind>$match>$group>$sort>$limit>$project,$addFields,$project,unwind_grouped,long_8_to_9,True,True,True,2,1,1,1,1,1,1,$project
3538219,thrombosis_prediction,diagnosis_risk_panels,8,6,$project>$unwind>$unwind>$group>$match>$project>$sort>$limit,$project,$limit,multi_unwind_grouped,long_8_to_9,True,True,True,2,1,2,0,1,1,1,$project+$unwind
3558020,california_schools,school_profiles,7,5,$project>$unwind>$unwind>$match>$project>$sort>$limit,$project,$limit,unwind_filter_project,medium_6_to_7,True,False,False,2,1,2,0,0,1,1,$project+$unwind
3590207,codebase_community,user_reputation_profiles,8,6,$addFields>$project>$project>$unwind>$match>$group>$project>$sort,$addFields,$sort,unwind_grouped,long_8_to_9,True,True,True,3,1,1,1,1,1,0,$project
3593603,financial,party_relationship_graphs,6,5,$project>$addFields>$match>$project>$sort>$limit,$project,$limit,enrich_filter_project,medium_6_to_7,False,False,False,2,1,0,1,0,1,1,$project
3604250,toxicology,molecule_graphs,7,6,$addFields>$project>$unwind>$match>$project>$sort>$limit,$addFields,$limit,unwind_filter_project,medium_6_to_7,True,False,False,2,1,1,1,0,1,1,$project
3611659,card_games,card_print_dossiers,8,5,$project>$addFields>$addFields>$addFields>$match>$project>$sort>$limit,$project,$limit,enrich_filter_project,long_8_to_9,False,False,False,2,1,0,3,0,1,1,$addFields+$project
3620985,debit_card_specializing,fuel_product_payment_timeline,6,5,$addFields>$project>$match>$project>$sort>$limit,$addFields,$limit,enrich_filter_project,medium_6_to_7,False,False,False,2,1,0,1,0,1,1,$project
3648783,debit_card_specializing,fuel_customer_spend_profiles,7,6,$project>$unwind>$match>$group>$project>$sort>$limit,$project,$limit,unwind_grouped,medium_6_to_7,True,True,True,2,1,1,0,1,1,1,$project
3658140,european_football_2,match_documents,5,5,$addFields>$match>$project>$sort>$limit,$addFields,$limit,linear_filter_project,short_3_to_5,False,False,False,1,1,0,1,0,1,1,none
3694059,european_football_2,team_profiles,9,7,$project>$unwind>$unwind>$group>$addFields>$match>$project>$sort>$limit,$project,$limit,multi_unwind_grouped,long_8_to_9,True,True,True,2,1,2,1,1,1,1,$project+$unwind
3737386,european_football_2,team_profiles,9,7,$project>$unwind>$unwind>$group>$addFields>$match>$project>$sort>$limit,$project,$limit,multi_unwind_grouped,long_8_to_9,True,True,True,2,1,2,1,1,1,1,$project+$unwind
3739401,formula_1,race_weekends_v2,6,6,$set>$unwind>$addFields>$project>$sort>$limit,$set,$limit,unwind_filter_project,medium_6_to_7,True,False,False,1,0,1,1,0,1,1,none
3744568,financial,counterparty_flow_profiles,8,5,$project>$unwind>$match>$unwind>$match>$project>$sort>$limit,$project,$limit,unwind_filter_project,long_8_to_9,True,False,False,2,2,2,0,0,1,1,$match+$project+$unwind
3744951,financial,account_ledgers,8,7,$addFields>$project>$unwind>$match>$group>$sort>$limit>$project,$addFields,$project,unwind_grouped,long_8_to_9,True,True,True,2,1,1,1,1,1,1,$project
3753002,european_football_2,team_profiles,6,5,$project>$unwind>$match>$project>$sort>$limit,$project,$limit,unwind_filter_project,medium_6_to_7,True,False,False,2,1,1,0,0,1,1,$project
3783201,financial,account_ledgers,9,7,$project>$unwind>$unwind>$match>$addFields>$group>$project>$sort>$limit,$project,$limit,multi_unwind_grouped,long_8_to_9,True,True,True,2,1,2,1,1,1,1,$project+$unwind
3787813,financial,account_ledgers,7,6,$addFields>$project>$unwind>$match>$project>$sort>$limit,$addFields,$limit,unwind_filter_project,medium_6_to_7,True,False,False,2,1,1,1,0,1,1,$project
3805913,card_games,card_print_dossiers,8,6,$addFields>$project>$unwind>$addFields>$group>$sort>$limit>$project,$addFields,$project,unwind_grouped,long_8_to_9,True,True,True,2,0,1,2,1,1,1,$addFields+$project
3819592,card_games,card_print_dossiers,8,6,$project>$unwind>$unwind>$match>$group>$project>$sort>$limit,$project,$limit,multi_unwind_grouped,long_8_to_9,True,True,True,2,1,2,0,1,1,1,$project+$unwind
3832071,thrombosis_prediction,diagnosis_risk_panels,8,6,$project>$unwind>$unwind>$group>$match>$project>$sort>$limit,$project,$limit,multi_unwind_grouped,long_8_to_9,True,True,True,2,1,2,0,1,1,1,$project+$unwind
3850675,superhero,hero_dossiers,6,5,$project>$unwind>$match>$project>$sort>$limit,$project,$limit,unwind_filter_project,medium_6_to_7,True,False,False,2,1,1,0,0,1,1,$project
3865650,student_club,club_event_plans_v2,7,6,$project>$unwind>$addFields>$match>$project>$sort>$limit,$project,$limit,unwind_filter_project,medium_6_to_7,True,False,False,2,1,1,1,0,1,1,$project
3885973,codebase_community,community_threads,9,6,$unwind>$project>$unwind>$unwind>$match>$group>$project>$sort>$limit,$unwind,$limit,multi_unwind_grouped,long_8_to_9,True,True,True,2,1,3,0,1,1,1,$project+$unwind
3893172,european_football_2,match_documents,5,5,$addFields>$match>$project>$sort>$limit,$addFields,$limit,linear_filter_project,short_3_to_5,False,False,False,1,1,0,1,0,1,1,none
3898425,california_schools,district_rollups,8,7,$addFields>$project>$unwind>$match>$group>$sort>$limit>$project,$addFields,$project,unwind_grouped,long_8_to_9,True,True,True,2,1,1,1,1,1,1,$project
3933515,european_football_2,match_documents,7,6,$project>$unwind>$match>$group>$project>$sort>$limit,$project,$limit,unwind_grouped,medium_6_to_7,True,True,True,2,1,1,0,1,1,1,$project
3939096,card_games,set_release_ecosystems,5,5,$addFields>$project>$match>$sort>$limit,$addFields,$limit,linear_filter_project,short_3_to_5,False,False,False,1,1,0,1,0,1,1,none
3939487,codebase_community,community_threads,5,4,$project>$match>$project>$sort>$limit,$project,$limit,linear_filter_project,short_3_to_5,False,False,False,2,1,0,0,0,1,1,$project
3940905,superhero,hero_dossiers,9,7,$project>$unwind>$unwind>$addFields>$match>$group>$project>$sort>$limit,$project,$limit,multi_unwind_grouped,long_8_to_9,True,True,True,2,1,2,1,1,1,1,$project+$unwind
3946405,european_football_2,match_documents,7,5,$addFields>$addFields>$match>$project>$sort>$limit>$project,$addFields,$project,enrich_filter_project,medium_6_to_7,False,False,False,2,1,0,2,0,1,1,$addFields+$project
3971045,card_games,card_print_dossiers,10,7,$addFields>$project>$unwind>$unwind>$match>$group>$match>$sort>$limit>$project,$addFields,$project,multi_unwind_grouped,very_long_10_plus,True,True,True,2,2,2,1,1,1,1,$match+$project+$unwind
3978099,thrombosis_prediction,patient_clinical_profiles,6,5,$addFields>$addFields>$match>$project>$sort>$limit,$addFields,$limit,linear_filter_project,medium_6_to_7,False,False,False,1,1,0,2,0,1,1,$addFields
3984753,debit_card_specializing,fuel_station_market_catalog,5,5,$addFields>$project>$match>$sort>$limit,$addFields,$limit,linear_filter_project,short_3_to_5,False,False,False,1,1,0,1,0,1,1,none
3986922,european_football_2,match_documents,7,5,$addFields>$addFields>$match>$project>$sort>$limit>$project,$addFields,$project,enrich_filter_project,medium_6_to_7,False,False,False,2,1,0,2,0,1,1,$addFields+$project
4034326,thrombosis_prediction,diagnosis_risk_panels,8,6,$project>$unwind>$unwind>$group>$match>$project>$sort>$limit,$project,$limit,multi_unwind_grouped,long_8_to_9,True,True,True,2,1,2,0,1,1,1,$project+$unwind
4052777,thrombosis_prediction,measurement_code_bags,10,7,$addFields>$project>$unwind>$unwind>$match>$group>$match>$project>$sort>$limit,$addFields,$limit,multi_unwind_grouped,very_long_10_plus,True,True,True,2,2,2,1,1,1,1,$match+$project+$unwind
4055564,superhero,publisher_universes,8,5,$project>$unwind>$unwind>$project>$match>$sort>$limit>$project,$project,$project,unwind_filter_project,long_8_to_9,True,False,False,3,1,2,0,0,1,1,$project+$unwind
4058734,european_football_2,league_season_buckets,5,5,$addFields>$match>$sort>$limit>$project,$addFields,$project,linear_filter_project,short_3_to_5,False,False,False,1,1,0,1,0,1,1,none
4070266,debit_card_specializing,fuel_product_payment_timeline,10,7,$addFields>$addFields>$unwind>$match>$addFields>$unwind>$group>$sort>$limit>$project,$addFields,$project,multi_unwind_grouped,very_long_10_plus,True,True,True,1,1,2,3,1,1,1,$addFields+$unwind
4135041,california_schools,school_profiles,7,6,$addFields>$project>$unwind>$match>$project>$sort>$limit,$addFields,$limit,unwind_filter_project,medium_6_to_7,True,False,False,2,1,1,1,0,1,1,$project
4138309,toxicology,molecule_graphs,9,7,$addFields>$project>$unwind>$match>$group>$match>$sort>$limit>$project,$addFields,$project,unwind_grouped,long_8_to_9,True,True,True,2,2,1,1,1,1,1,$match+$project
4138408,california_schools,school_profiles,7,6,$addFields>$project>$unwind>$match>$project>$sort>$limit,$addFields,$limit,unwind_filter_project,medium_6_to_7,True,False,False,2,1,1,1,0,1,1,$project
4145056,debit_card_specializing,fuel_station_market_catalog,8,6,$addFields>$project>$unwind>$addFields>$group>$sort>$limit>$project,$addFields,$project,unwind_grouped,long_8_to_9,True,True,True,2,0,1,2,1,1,1,$addFields+$project
4148176,card_games,card_print_dossiers,8,6,$addFields>$project>$unwind>$addFields>$group>$project>$sort>$limit,$addFields,$limit,unwind_grouped,long_8_to_9,True,True,True,2,0,1,2,1,1,1,$addFields+$project
4149024,european_football_2,match_documents,7,6,$project>$unwind>$match>$group>$project>$sort>$limit,$project,$limit,unwind_grouped,medium_6_to_7,True,True,True,2,1,1,0,1,1,1,$project
4158104,formula_1,f1_actor_profiles,4,4,$match>$project>$sort>$limit,$match,$limit,linear_filter_project,short_3_to_5,False,False,False,1,1,0,0,0,1,1,none
4168301,superhero,publisher_universes,10,7,$unwind>$addFields>$project>$unwind>$unwind>$match>$group>$sort>$limit>$project,$unwind,$project,multi_unwind_grouped,very_long_10_plus,True,True,True,2,1,3,1,1,1,1,$project+$unwind
4177094,card_games,card_print_dossiers,8,6,$project>$unwind>$unwind>$match>$group>$project>$sort>$limit,$project,$limit,multi_unwind_grouped,long_8_to_9,True,True,True,2,1,2,0,1,1,1,$project+$unwind
4187760,european_football_2,team_profiles,9,7,$project>$unwind>$unwind>$group>$addFields>$match>$project>$sort>$limit,$project,$limit,multi_unwind_grouped,long_8_to_9,True,True,True,2,1,2,1,1,1,1,$project+$unwind
4197104,thrombosis_prediction,patient_clinical_profiles,6,5,$addFields>$addFields>$match>$project>$sort>$limit,$addFields,$limit,linear_filter_project,medium_6_to_7,False,False,False,1,1,0,2,0,1,1,$addFields
4204357,superhero,publisher_universes,4,4,$unwind>$project>$match>$limit,$unwind,$limit,unwind_filter_project,short_3_to_5,True,False,False,1,1,1,0,0,0,1,none
4250774,california_schools,school_profiles,9,6,$project>$unwind>$match>$addFields>$unwind>$match>$project>$sort>$limit,$project,$limit,unwind_filter_project,long_8_to_9,True,False,False,2,2,2,1,0,1,1,$match+$project+$unwind
4254275,card_games,card_print_dossiers,9,7,$addFields>$addFields>$unwind>$unwind>$match>$group>$sort>$limit>$project,$addFields,$project,multi_unwind_grouped,long_8_to_9,True,True,True,1,1,2,2,1,1,1,$addFields+$unwind
4263830,california_schools,school_profiles,7,5,$addFields>$project>$unwind>$project>$sort>$limit>$project,$addFields,$project,unwind_filter_project,medium_6_to_7,True,False,False,3,0,1,1,0,1,1,$project
4264519,financial,party_relationship_graphs,7,6,$addFields>$project>$unwind>$match>$group>$project>$sort,$addFields,$sort,unwind_grouped,medium_6_to_7,True,True,True,2,1,1,1,1,1,0,$project
4297349,formula_1,race_weekends_v2,5,5,$addFields>$match>$project>$sort>$limit,$addFields,$limit,linear_filter_project,short_3_to_5,False,False,False,1,1,0,1,0,1,1,none
4307065,card_games,card_print_dossiers,8,7,$addFields>$project>$unwind>$match>$group>$project>$sort>$limit,$addFields,$limit,unwind_grouped,long_8_to_9,True,True,True,2,1,1,1,1,1,1,$project
4311449,student_club,club_event_plans_v2,8,4,$unwind>$project>$match>$unwind>$unwind>$match>$project>$sort,$unwind,$sort,unwind_filter_project,long_8_to_9,True,False,False,2,2,3,0,0,1,0,$match+$project+$unwind
4311525,toxicology,molecule_graphs,4,4,$match>$project>$sort>$limit,$match,$limit,linear_filter_project,short_3_to_5,False,False,False,1,1,0,0,0,1,1,none
4314273,european_football_2,match_documents,8,6,$unwind>$project>$unwind>$match>$group>$project>$sort>$limit,$unwind,$limit,multi_unwind_grouped,long_8_to_9,True,True,True,2,1,2,0,1,1,1,$project+$unwind
4346931,codebase_community,community_threads,9,6,$unwind>$project>$unwind>$unwind>$match>$group>$project>$sort>$limit,$unwind,$limit,multi_unwind_grouped,long_8_to_9,True,True,True,2,1,3,0,1,1,1,$project+$unwind
4354347,debit_card_specializing,fuel_customer_spend_profiles,5,4,$project>$match>$sort>$limit>$project,$project,$project,linear_filter_project,short_3_to_5,False,False,False,2,1,0,0,0,1,1,$project
4355195,superhero,hero_dossiers,5,5,$addFields>$match>$sort>$limit>$project,$addFields,$project,linear_filter_project,short_3_to_5,False,False,False,1,1,0,1,0,1,1,none
4356850,toxicology,molecule_graphs,6,6,$unwind>$addFields>$project>$match>$sort>$limit,$unwind,$limit,unwind_filter_project,medium_6_to_7,True,False,False,1,1,1,1,0,1,1,none
4358347,debit_card_specializing,fuel_product_payment_timeline,8,6,$project>$unwind>$match>$addFields>$project>$sort>$limit>$project,$project,$project,unwind_filter_project,long_8_to_9,True,False,False,3,1,1,1,0,1,1,$project
4382442,card_games,card_print_dossiers,8,7,$addFields>$project>$unwind>$match>$group>$project>$sort>$limit,$addFields,$limit,unwind_grouped,long_8_to_9,True,True,True,2,1,1,1,1,1,1,$project
4401800,formula_1,race_weekends_v2,5,4,$project>$match>$sort>$limit>$project,$project,$project,linear_filter_project,short_3_to_5,False,False,False,2,1,0,0,0,1,1,$project
4404205,thrombosis_prediction,patient_clinical_profiles,5,5,$addFields>$match>$project>$sort>$limit,$addFields,$limit,linear_filter_project,short_3_to_5,False,False,False,1,1,0,1,0,1,1,none
4427153,student_club,club_member_accounts_v2,6,5,$project>$unwind>$group>$project>$sort>$limit,$project,$limit,unwind_grouped,medium_6_to_7,True,True,True,2,0,1,0,1,1,1,$project
4434454,card_games,set_release_ecosystems,8,7,$addFields>$project>$unwind>$match>$group>$project>$sort>$limit,$addFields,$limit,unwind_grouped,long_8_to_9,True,True,True,2,1,1,1,1,1,1,$project
4463702,california_schools,school_profiles,5,5,$addFields>$project>$match>$sort>$limit,$addFields,$limit,linear_filter_project,short_3_to_5,False,False,False,1,1,0,1,0,1,1,none
4465032,card_games,set_release_ecosystems,6,5,$addFields>$project>$match>$project>$sort>$limit,$addFields,$limit,enrich_filter_project,medium_6_to_7,False,False,False,2,1,0,1,0,1,1,$project
4470867,student_club,club_member_accounts_v2,7,6,$addFields>$project>$unwind>$match>$project>$sort>$limit,$addFields,$limit,unwind_filter_project,medium_6_to_7,True,False,False,2,1,1,1,0,1,1,$project
4484283,financial,account_ledgers,7,6,$addFields>$project>$unwind>$group>$sort>$limit>$project,$addFields,$project,unwind_grouped,medium_6_to_7,True,True,True,2,0,1,1,1,1,1,$project
4521197,toxicology,molecule_graphs,6,5,$addFields>$addFields>$match>$project>$sort>$limit,$addFields,$limit,linear_filter_project,medium_6_to_7,False,False,False,1,1,0,2,0,1,1,$addFields
4527603,european_football_2,player_profiles,8,7,$addFields>$project>$unwind>$match>$group>$sort>$limit>$project,$addFields,$project,unwind_grouped,long_8_to_9,True,True,True,2,1,1,1,1,1,1,$project
4533651,thrombosis_prediction,patient_clinical_profiles,6,5,$addFields>$addFields>$match>$project>$sort>$limit,$addFields,$limit,linear_filter_project,medium_6_to_7,False,False,False,1,1,0,2,0,1,1,$addFields
4546508,card_games,set_release_ecosystems,5,5,$addFields>$project>$match>$sort>$limit,$addFields,$limit,linear_filter_project,short_3_to_5,False,False,False,1,1,0,1,0,1,1,none
4548801,california_schools,school_profiles,6,5,$addFields>$project>$match>$project>$sort>$limit,$addFields,$limit,enrich_filter_project,medium_6_to_7,False,False,False,2,1,0,1,0,1,1,$project
4564290,student_club,club_event_plans_v2,8,7,$addFields>$project>$unwind>$match>$group>$project>$sort>$limit,$addFields,$limit,unwind_grouped,long_8_to_9,True,True,True,2,1,1,1,1,1,1,$project
4565146,superhero,publisher_universes,10,7,$unwind>$addFields>$project>$unwind>$unwind>$match>$group>$project>$sort>$limit,$unwind,$limit,multi_unwind_grouped,very_long_10_plus,True,True,True,2,1,3,1,1,1,1,$project+$unwind
4572069,european_football_2,team_profiles,9,7,$project>$unwind>$unwind>$group>$addFields>$match>$project>$sort>$limit,$project,$limit,multi_unwind_grouped,long_8_to_9,True,True,True,2,1,2,1,1,1,1,$project+$unwind
4585891,financial,account_ledgers,5,4,$project>$match>$project>$sort>$limit,$project,$limit,linear_filter_project,short_3_to_5,False,False,False,2,1,0,0,0,1,1,$project
4590340,superhero,hero_dossiers,7,6,$addFields>$project>$unwind>$group>$project>$sort>$limit,$addFields,$limit,unwind_grouped,medium_6_to_7,True,True,True,2,0,1,1,1,1,1,$project
4628421,toxicology,molecule_graphs,8,7,$addFields>$project>$unwind>$match>$group>$sort>$limit>$project,$addFields,$project,unwind_grouped,long_8_to_9,True,True,True,2,1,1,1,1,1,1,$project
4643065,financial,district_market_contexts,8,7,$addFields>$project>$unwind>$match>$group>$project>$sort>$limit,$addFields,$limit,unwind_grouped,long_8_to_9,True,True,True,2,1,1,1,1,1,1,$project
4648528,thrombosis_prediction,measurement_code_bags,8,6,$addFields>$project>$unwind>$match>$project>$sort>$limit>$project,$addFields,$project,unwind_filter_project,long_8_to_9,True,False,False,3,1,1,1,0,1,1,$project
4651485,toxicology,molecule_graphs,7,6,$unwind>$project>$addFields>$match>$project>$sort>$limit,$unwind,$limit,unwind_filter_project,medium_6_to_7,True,False,False,2,1,1,1,0,1,1,$project
4652872,toxicology,molecule_graphs,9,7,$unwind>$addFields>$project>$unwind>$match>$group>$project>$sort>$limit,$unwind,$limit,multi_unwind_grouped,long_8_to_9,True,True,True,2,1,2,1,1,1,1,$project+$unwind
4656524,card_games,card_print_dossiers,5,5,$addFields>$project>$match>$sort>$limit,$addFields,$limit,linear_filter_project,short_3_to_5,False,False,False,1,1,0,1,0,1,1,none
4666632,student_club,club_event_plans_v2,8,7,$addFields>$addFields>$unwind>$match>$group>$project>$sort>$limit,$addFields,$limit,unwind_grouped,long_8_to_9,True,True,True,1,1,1,2,1,1,1,$addFields
4692431,financial,account_ledgers,8,6,$project>$unwind>$addFields>$group>$addFields>$sort>$project>$limit,$project,$limit,unwind_grouped,long_8_to_9,True,True,True,2,0,1,2,1,1,1,$addFields+$project
4697179,student_club,club_event_plans_v2,5,5,$addFields>$project>$match>$sort>$limit,$addFields,$limit,linear_filter_project,short_3_to_5,False,False,False,1,1,0,1,0,1,1,none
4698937,codebase_community,community_threads,10,6,$unwind>$project>$unwind>$unwind>$match>$group>$project>$sort>$limit>$project,$unwind,$project,multi_unwind_grouped,very_long_10_plus,True,True,True,3,1,3,0,1,1,1,$project+$unwind
4738099,toxicology,molecule_graphs,7,5,$addFields>$project>$match>$project>$sort>$limit>$project,$addFields,$project,enrich_filter_project,medium_6_to_7,False,False,False,3,1,0,1,0,1,1,$project
4749855,thrombosis_prediction,measurement_code_bags,8,6,$addFields>$unwind>$addFields>$unwind>$group>$sort>$limit>$project,$addFields,$project,multi_unwind_grouped,long_8_to_9,True,True,True,1,0,2,2,1,1,1,$addFields+$unwind
4779838,european_football_2,league_season_buckets,6,5,$addFields>$match>$project>$sort>$limit>$project,$addFields,$project,enrich_filter_project,medium_6_to_7,False,False,False,2,1,0,1,0,1,1,$project
4804013,thrombosis_prediction,patient_clinical_profiles,5,5,$addFields>$match>$project>$sort>$limit,$addFields,$limit,linear_filter_project,short_3_to_5,False,False,False,1,1,0,1,0,1,1,none
4805355,california_schools,district_rollups,7,6,$addFields>$project>$unwind>$match>$project>$sort>$limit,$addFields,$limit,unwind_filter_project,medium_6_to_7,True,False,False,2,1,1,1,0,1,1,$project
4835648,superhero,publisher_universes,12,6,$unwind>$addFields>$project>$unwind>$project>$unwind>$project>$unwind>$group>$sort>$limit>$project,$unwind,$project,multi_unwind_grouped,very_long_10_plus,True,True,True,4,0,4,1,1,1,1,$project+$unwind
4837816,thrombosis_prediction,measurement_code_bags,7,6,$addFields>$project>$unwind>$group>$sort>$limit>$project,$addFields,$project,unwind_grouped,medium_6_to_7,True,True,True,2,0,1,1,1,1,1,$project
4864061,formula_1,race_weekends_v2,7,6,$addFields>$unwind>$project>$group>$project>$sort>$limit,$addFields,$limit,unwind_grouped,medium_6_to_7,True,True,True,2,0,1,1,1,1,1,$project
4895208,debit_card_specializing,fuel_product_payment_timeline,6,5,$addFields>$project>$match>$project>$sort>$limit,$addFields,$limit,enrich_filter_project,medium_6_to_7,False,False,False,2,1,0,1,0,1,1,$project
4899389,formula_1,race_weekends_v2,7,6,$addFields>$unwind>$project>$group>$project>$sort>$limit,$addFields,$limit,unwind_grouped,medium_6_to_7,True,True,True,2,0,1,1,1,1,1,$project
4900543,superhero,publisher_universes,9,7,$unwind>$addFields>$project>$unwind>$match>$group>$project>$sort>$limit,$unwind,$limit,multi_unwind_grouped,long_8_to_9,True,True,True,2,1,2,1,1,1,1,$project+$unwind
4920950,codebase_community,tag_topic_ecosystems,10,7,$addFields>$project>$unwind>$unwind>$match>$addFields>$group>$sort>$limit>$project,$addFields,$project,multi_unwind_grouped,very_long_10_plus,True,True,True,2,1,2,2,1,1,1,$addFields+$project+$unwind
4924170,thrombosis_prediction,patient_clinical_profiles,8,6,$unwind>$project>$unwind>$match>$group>$project>$sort>$limit,$unwind,$limit,multi_unwind_grouped,long_8_to_9,True,True,True,2,1,2,0,1,1,1,$project+$unwind
4938277,codebase_community,tag_topic_ecosystems,8,7,$addFields>$project>$unwind>$match>$group>$project>$sort>$limit,$addFields,$limit,unwind_grouped,long_8_to_9,True,True,True,2,1,1,1,1,1,1,$project
4950695,financial,counterparty_flow_profiles,6,6,$addFields>$unwind>$match>$project>$sort>$limit,$addFields,$limit,unwind_filter_project,medium_6_to_7,True,False,False,1,1,1,1,0,1,1,none
4961617,superhero,ability_catalog,9,6,$match>$project>$unwind>$unwind>$group>$match>$project>$sort>$limit,$match,$limit,multi_unwind_grouped,long_8_to_9,True,True,True,2,2,2,0,1,1,1,$match+$project+$unwind
4967440,european_football_2,team_profiles,8,7,$addFields>$project>$unwind>$match>$group>$project>$sort>$limit,$addFields,$limit,unwind_grouped,long_8_to_9,True,True,True,2,1,1,1,1,1,1,$project
4967466,debit_card_specializing,fuel_customer_spend_profiles,7,6,$addFields>$project>$unwind>$match>$project>$sort>$limit,$addFields,$limit,unwind_filter_project,medium_6_to_7,True,False,False,2,1,1,1,0,1,1,$project
4995347,financial,district_market_contexts,8,7,$addFields>$project>$unwind>$match>$group>$project>$sort>$limit,$addFields,$limit,unwind_grouped,long_8_to_9,True,True,True,2,1,1,1,1,1,1,$project
5001255,card_games,card_print_dossiers,8,6,$project>$unwind>$unwind>$match>$group>$project>$sort>$limit,$project,$limit,multi_unwind_grouped,long_8_to_9,True,True,True,2,1,2,0,1,1,1,$project+$unwind
5010860,formula_1,race_weekends_v2,7,6,$addFields>$unwind>$project>$group>$project>$sort>$limit,$addFields,$limit,unwind_grouped,medium_6_to_7,True,True,True,2,0,1,1,1,1,1,$project
5046515,thrombosis_prediction,patient_clinical_profiles,8,6,$unwind>$project>$unwind>$match>$group>$project>$sort>$limit,$unwind,$limit,multi_unwind_grouped,long_8_to_9,True,True,True,2,1,2,0,1,1,1,$project+$unwind
5101028,debit_card_specializing,fuel_customer_spend_profiles,9,7,$addFields>$project>$unwind>$match>$group>$match>$project>$sort>$limit,$addFields,$limit,unwind_grouped,long_8_to_9,True,True,True,2,2,1,1,1,1,1,$match+$project
5105881,card_games,card_print_dossiers,6,5,$addFields>$addFields>$match>$project>$sort>$limit,$addFields,$limit,linear_filter_project,medium_6_to_7,False,False,False,1,1,0,2,0,1,1,$addFields
5145499,toxicology,molecule_graphs,5,5,$addFields>$match>$project>$sort>$limit,$addFields,$limit,linear_filter_project,short_3_to_5,False,False,False,1,1,0,1,0,1,1,none
5148104,debit_card_specializing,fuel_station_market_catalog,8,6,$addFields>$addFields>$unwind>$addFields>$group>$sort>$limit>$project,$addFields,$project,unwind_grouped,long_8_to_9,True,True,True,1,0,1,3,1,1,1,$addFields
5183338,european_football_2,league_season_buckets,7,7,$addFields>$unwind>$match>$group>$project>$sort>$limit,$addFields,$limit,unwind_grouped,medium_6_to_7,True,True,True,1,1,1,1,1,1,1,none
5186321,european_football_2,match_documents,8,6,$unwind>$project>$unwind>$match>$group>$project>$sort>$limit,$unwind,$limit,multi_unwind_grouped,long_8_to_9,True,True,True,2,1,2,0,1,1,1,$project+$unwind
5189720,debit_card_specializing,fuel_station_market_catalog,10,7,$addFields>$project>$unwind>$unwind>$match>$group>$match>$sort>$limit>$project,$addFields,$project,multi_unwind_grouped,very_long_10_plus,True,True,True,2,2,2,1,1,1,1,$match+$project+$unwind
5202609,superhero,ability_catalog,9,6,$match>$project>$unwind>$unwind>$group>$match>$project>$sort>$limit,$match,$limit,multi_unwind_grouped,long_8_to_9,True,True,True,2,2,2,0,1,1,1,$match+$project+$unwind
5207523,superhero,ability_catalog,6,6,$addFields>$unwind>$group>$sort>$limit>$project,$addFields,$project,unwind_grouped,medium_6_to_7,True,True,True,1,0,1,1,1,1,1,none
5220175,european_football_2,team_profiles,6,6,$addFields>$unwind>$match>$project>$sort>$limit,$addFields,$limit,unwind_filter_project,medium_6_to_7,True,False,False,1,1,1,1,0,1,1,none
5230199,toxicology,molecule_graphs,7,6,$unwind>$addFields>$project>$match>$project>$sort>$limit,$unwind,$limit,unwind_filter_project,medium_6_to_7,True,False,False,2,1,1,1,0,1,1,$project
5244173,thrombosis_prediction,diagnosis_risk_panels,8,6,$project>$unwind>$unwind>$group>$match>$project>$sort>$limit,$project,$limit,multi_unwind_grouped,long_8_to_9,True,True,True,2,1,2,0,1,1,1,$project+$unwind
5262269,codebase_community,community_threads,5,5,$addFields>$match>$project>$sort>$limit,$addFields,$limit,linear_filter_project,short_3_to_5,False,False,False,1,1,0,1,0,1,1,none
5264913,toxicology,molecule_graphs,8,6,$unwind>$addFields>$addFields>$match>$addFields>$project>$sort>$limit,$unwind,$limit,unwind_filter_project,long_8_to_9,True,False,False,1,1,1,3,0,1,1,$addFields
5268587,european_football_2,match_documents,6,5,$addFields>$addFields>$match>$project>$sort>$limit,$addFields,$limit,linear_filter_project,medium_6_to_7,False,False,False,1,1,0,2,0,1,1,$addFields
5278441,toxicology,molecule_graphs,7,5,$unwind>$project>$unwind>$group>$project>$sort>$limit,$unwind,$limit,multi_unwind_grouped,medium_6_to_7,True,True,True,2,0,2,0,1,1,1,$project+$unwind
5300872,formula_1,race_weekends_v2,8,6,$addFields>$project>$unwind>$addFields>$group>$sort>$limit>$project,$addFields,$project,unwind_grouped,long_8_to_9,True,True,True,2,0,1,2,1,1,1,$addFields+$project
5307871,card_games,set_release_ecosystems,8,6,$addFields>$match>$project>$unwind>$match>$project>$sort>$limit,$addFields,$limit,unwind_filter_project,long_8_to_9,True,False,False,2,2,1,1,0,1,1,$match+$project
5324476,formula_1,race_weekends_v2,8,6,$addFields>$project>$unwind>$addFields>$group>$sort>$limit>$project,$addFields,$project,unwind_grouped,long_8_to_9,True,True,True,2,0,1,2,1,1,1,$addFields+$project
5326846,european_football_2,match_documents,8,6,$unwind>$project>$unwind>$match>$group>$project>$sort>$limit,$unwind,$limit,multi_unwind_grouped,long_8_to_9,True,True,True,2,1,2,0,1,1,1,$project+$unwind
5335909,formula_1,f1_actor_profiles,5,5,$addFields>$match>$project>$sort>$limit,$addFields,$limit,linear_filter_project,short_3_to_5,False,False,False,1,1,0,1,0,1,1,none
5346218,european_football_2,match_documents,5,5,$addFields>$match>$project>$sort>$limit,$addFields,$limit,linear_filter_project,short_3_to_5,False,False,False,1,1,0,1,0,1,1,none
5346346,codebase_community,user_reputation_profiles,5,5,$addFields>$match>$sort>$limit>$project,$addFields,$project,linear_filter_project,short_3_to_5,False,False,False,1,1,0,1,0,1,1,none
5361502,thrombosis_prediction,patient_clinical_profiles,7,5,$addFields>$addFields>$addFields>$match>$sort>$limit>$project,$addFields,$project,linear_filter_project,medium_6_to_7,False,False,False,1,1,0,3,0,1,1,$addFields
5389334,financial,account_ledgers,6,5,$addFields>$addFields>$match>$project>$sort>$limit,$addFields,$limit,linear_filter_project,medium_6_to_7,False,False,False,1,1,0,2,0,1,1,$addFields
5391140,debit_card_specializing,fuel_product_payment_timeline,8,5,$project>$unwind>$match>$unwind>$match>$project>$sort>$limit,$project,$limit,unwind_filter_project,long_8_to_9,True,False,False,2,2,2,0,0,1,1,$match+$project+$unwind
5392376,toxicology,molecule_graphs,8,7,$addFields>$project>$unwind>$match>$group>$project>$sort>$limit,$addFields,$limit,unwind_grouped,long_8_to_9,True,True,True,2,1,1,1,1,1,1,$project
5400752,debit_card_specializing,fuel_product_payment_timeline,8,7,$addFields>$project>$unwind>$match>$group>$sort>$limit>$project,$addFields,$project,unwind_grouped,long_8_to_9,True,True,True,2,1,1,1,1,1,1,$project
5421218,california_schools,school_profiles,8,7,$addFields>$project>$unwind>$match>$group>$project>$sort>$limit,$addFields,$limit,unwind_grouped,long_8_to_9,True,True,True,2,1,1,1,1,1,1,$project
5435487,codebase_community,community_threads,8,7,$addFields>$project>$unwind>$match>$group>$project>$sort>$limit,$addFields,$limit,unwind_grouped,long_8_to_9,True,True,True,2,1,1,1,1,1,1,$project
5441662,thrombosis_prediction,measurement_code_bags,8,7,$addFields>$project>$unwind>$match>$group>$sort>$limit>$project,$addFields,$project,unwind_grouped,long_8_to_9,True,True,True,2,1,1,1,1,1,1,$project
5462891,formula_1,f1_actor_profiles,6,5,$project>$unwind>$group>$project>$sort>$limit,$project,$limit,unwind_grouped,medium_6_to_7,True,True,True,2,0,1,0,1,1,1,$project
5469747,toxicology,molecule_graphs,9,7,$unwind>$addFields>$project>$unwind>$match>$group>$sort>$limit>$project,$unwind,$project,multi_unwind_grouped,long_8_to_9,True,True,True,2,1,2,1,1,1,1,$project+$unwind
5485842,student_club,club_event_plans_v2,8,7,$addFields>$project>$unwind>$match>$group>$project>$sort>$limit,$addFields,$limit,unwind_grouped,long_8_to_9,True,True,True,2,1,1,1,1,1,1,$project
5486108,california_schools,county_equity_assessment_panels,9,7,$project>$unwind>$unwind>$group>$addFields>$match>$project>$sort>$limit,$project,$limit,multi_unwind_grouped,long_8_to_9,True,True,True,2,1,2,1,1,1,1,$project+$unwind
5498271,european_football_2,team_profiles,9,7,$addFields>$project>$unwind>$unwind>$match>$group>$sort>$limit>$project,$addFields,$project,multi_unwind_grouped,long_8_to_9,True,True,True,2,1,2,1,1,1,1,$project+$unwind
5508363,student_club,club_event_plans_v2,7,6,$addFields>$project>$unwind>$group>$sort>$limit>$project,$addFields,$project,unwind_grouped,medium_6_to_7,True,True,True,2,0,1,1,1,1,1,$project
5517653,superhero,publisher_universes,8,6,$unwind>$addFields>$project>$addFields>$match>$sort>$project>$limit,$unwind,$limit,unwind_filter_project,long_8_to_9,True,False,False,2,1,1,2,0,1,1,$addFields+$project
5562876,california_schools,school_profiles,7,6,$addFields>$project>$unwind>$match>$project>$sort>$limit,$addFields,$limit,unwind_filter_project,medium_6_to_7,True,False,False,2,1,1,1,0,1,1,$project
5565739,toxicology,molecule_graphs,6,5,$addFields>$addFields>$match>$project>$sort>$limit,$addFields,$limit,linear_filter_project,medium_6_to_7,False,False,False,1,1,0,2,0,1,1,$addFields
5578440,card_games,set_release_ecosystems,7,6,$project>$unwind>$group>$match>$project>$sort>$limit,$project,$limit,unwind_grouped,medium_6_to_7,True,True,True,2,1,1,0,1,1,1,$project
5584555,card_games,card_print_dossiers,8,6,$project>$unwind>$unwind>$match>$group>$project>$sort>$limit,$project,$limit,multi_unwind_grouped,long_8_to_9,True,True,True,2,1,2,0,1,1,1,$project+$unwind
5588438,european_football_2,match_documents,7,6,$project>$unwind>$match>$group>$project>$sort>$limit,$project,$limit,unwind_grouped,medium_6_to_7,True,True,True,2,1,1,0,1,1,1,$project
5601657,toxicology,molecule_graphs,8,7,$addFields>$project>$unwind>$match>$group>$sort>$limit>$project,$addFields,$project,unwind_grouped,long_8_to_9,True,True,True,2,1,1,1,1,1,1,$project
5604296,debit_card_specializing,fuel_customer_spend_profiles,6,5,$project>$unwind>$match>$project>$sort>$limit,$project,$limit,unwind_filter_project,medium_6_to_7,True,False,False,2,1,1,0,0,1,1,$project
5618277,toxicology,molecule_graphs,9,5,$project>$unwind>$match>$unwind>$unwind>$match>$project>$sort>$limit,$project,$limit,unwind_filter_project,long_8_to_9,True,False,False,2,2,3,0,0,1,1,$match+$project+$unwind
5653140,superhero,publisher_universes,7,5,$project>$unwind>$unwind>$project>$match>$sort>$limit,$project,$limit,unwind_filter_project,medium_6_to_7,True,False,False,2,1,2,0,0,1,1,$project+$unwind
5660066,superhero,hero_dossiers,9,7,$project>$unwind>$unwind>$addFields>$match>$group>$project>$sort>$limit,$project,$limit,multi_unwind_grouped,long_8_to_9,True,True,True,2,1,2,1,1,1,1,$project+$unwind
5662975,card_games,card_print_dossiers,10,7,$addFields>$project>$unwind>$unwind>$match>$group>$match>$sort>$limit>$project,$addFields,$project,multi_unwind_grouped,very_long_10_plus,True,True,True,2,2,2,1,1,1,1,$match+$project+$unwind
5700011,thrombosis_prediction,measurement_code_bags,8,7,$addFields>$project>$unwind>$match>$group>$sort>$limit>$project,$addFields,$project,unwind_grouped,long_8_to_9,True,True,True,2,1,1,1,1,1,1,$project
5703340,card_games,card_print_dossiers,8,6,$addFields>$project>$unwind>$addFields>$group>$sort>$limit>$project,$addFields,$project,unwind_grouped,long_8_to_9,True,True,True,2,0,1,2,1,1,1,$addFields+$project
5711340,formula_1,f1_actor_profiles,4,4,$match>$sort>$limit>$project,$match,$project,linear_filter_project,short_3_to_5,False,False,False,1,1,0,0,0,1,1,none
5714814,codebase_community,community_threads,5,5,$addFields>$project>$match>$sort>$limit,$addFields,$limit,linear_filter_project,short_3_to_5,False,False,False,1,1,0,1,0,1,1,none
5727305,codebase_community,tag_topic_ecosystems,10,7,$addFields>$project>$unwind>$unwind>$match>$group>$match>$sort>$limit>$project,$addFields,$project,multi_unwind_grouped,very_long_10_plus,True,True,True,2,2,2,1,1,1,1,$match+$project+$unwind
5737353,european_football_2,player_profiles,7,6,$addFields>$project>$unwind>$match>$project>$sort>$limit,$addFields,$limit,unwind_filter_project,medium_6_to_7,True,False,False,2,1,1,1,0,1,1,$project
5745973,financial,account_ledgers,8,7,$addFields>$project>$unwind>$match>$group>$project>$sort>$limit,$addFields,$limit,unwind_grouped,long_8_to_9,True,True,True,2,1,1,1,1,1,1,$project
5753205,superhero,hero_dossiers,7,6,$addFields>$project>$unwind>$group>$project>$sort>$limit,$addFields,$limit,unwind_grouped,medium_6_to_7,True,True,True,2,0,1,1,1,1,1,$project
5777596,formula_1,f1_actor_profiles,5,5,$addFields>$match>$project>$sort>$limit,$addFields,$limit,linear_filter_project,short_3_to_5,False,False,False,1,1,0,1,0,1,1,none
5846437,codebase_community,tag_topic_ecosystems,12,7,$project>$unwind>$project>$unwind>$addFields>$match>$group>$addFields>$match>$project>$sort>$limit,$project,$limit,multi_unwind_grouped,very_long_10_plus,True,True,True,3,2,2,2,1,1,1,$addFields+$match+$project+$unwind
5847656,european_football_2,team_profiles,8,7,$addFields>$project>$unwind>$match>$group>$project>$sort>$limit,$addFields,$limit,unwind_grouped,long_8_to_9,True,True,True,2,1,1,1,1,1,1,$project
5859837,student_club,club_event_plans_v2,6,5,$addFields>$addFields>$match>$project>$sort>$limit,$addFields,$limit,linear_filter_project,medium_6_to_7,False,False,False,1,1,0,2,0,1,1,$addFields
5879521,thrombosis_prediction,patient_clinical_profiles,6,5,$addFields>$addFields>$match>$project>$sort>$limit,$addFields,$limit,linear_filter_project,medium_6_to_7,False,False,False,1,1,0,2,0,1,1,$addFields
5886542,debit_card_specializing,fuel_product_payment_timeline,7,6,$project>$unwind>$match>$group>$project>$sort>$limit,$project,$limit,unwind_grouped,medium_6_to_7,True,True,True,2,1,1,0,1,1,1,$project
5889793,codebase_community,tag_topic_ecosystems,8,6,$addFields>$project>$unwind>$unwind>$match>$group>$sort>$project,$addFields,$project,multi_unwind_grouped,long_8_to_9,True,True,True,2,1,2,1,1,1,0,$project+$unwind
5896953,card_games,card_print_dossiers,8,7,$addFields>$project>$unwind>$match>$group>$project>$sort>$limit,$addFields,$limit,unwind_grouped,long_8_to_9,True,True,True,2,1,1,1,1,1,1,$project
5957232,codebase_community,user_reputation_profiles,8,7,$addFields>$project>$unwind>$match>$group>$project>$sort>$limit,$addFields,$limit,unwind_grouped,long_8_to_9,True,True,True,2,1,1,1,1,1,1,$project
5960673,california_schools,school_profiles,7,5,$project>$unwind>$unwind>$match>$project>$sort>$limit,$project,$limit,unwind_filter_project,medium_6_to_7,True,False,False,2,1,2,0,0,1,1,$project+$unwind
5969484,student_club,club_member_accounts_v2,8,6,$addFields>$project>$unwind>$match>$project>$sort>$project>$limit,$addFields,$limit,unwind_filter_project,long_8_to_9,True,False,False,3,1,1,1,0,1,1,$project
5987885,california_schools,school_profiles,8,7,$addFields>$addFields>$unwind>$match>$group>$sort>$limit>$project,$addFields,$project,unwind_grouped,long_8_to_9,True,True,True,1,1,1,2,1,1,1,$addFields
5989540,thrombosis_prediction,patient_clinical_profiles,5,5,$addFields>$match>$project>$sort>$limit,$addFields,$limit,linear_filter_project,short_3_to_5,False,False,False,1,1,0,1,0,1,1,none
6010164,debit_card_specializing,fuel_station_market_catalog,9,6,$project>$unwind>$unwind>$project>$match>$group>$project>$sort>$limit,$project,$limit,multi_unwind_grouped,long_8_to_9,True,True,True,3,1,2,0,1,1,1,$project+$unwind
6039147,formula_1,f1_actor_profiles,4,4,$match>$sort>$limit>$project,$match,$project,linear_filter_project,short_3_to_5,False,False,False,1,1,0,0,0,1,1,none
6041958,card_games,card_print_dossiers,7,6,$addFields>$unwind>$match>$addFields>$sort>$project>$limit,$addFields,$limit,unwind_filter_project,medium_6_to_7,True,False,False,1,1,1,2,0,1,1,$addFields
6077381,california_schools,school_profiles,8,6,$addFields>$project>$unwind>$addFields>$group>$sort>$limit>$project,$addFields,$project,unwind_grouped,long_8_to_9,True,True,True,2,0,1,2,1,1,1,$addFields+$project
6078204,debit_card_specializing,fuel_product_payment_timeline,5,5,$addFields>$match>$project>$sort>$limit,$addFields,$limit,linear_filter_project,short_3_to_5,False,False,False,1,1,0,1,0,1,1,none
6135516,card_games,set_release_ecosystems,7,6,$project>$unwind>$group>$match>$project>$sort>$limit,$project,$limit,unwind_grouped,medium_6_to_7,True,True,True,2,1,1,0,1,1,1,$project
6151606,european_football_2,player_profiles,10,7,$addFields>$project>$unwind>$addFields>$unwind>$match>$group>$sort>$limit>$project,$addFields,$project,multi_unwind_grouped,very_long_10_plus,True,True,True,2,1,2,2,1,1,1,$addFields+$project+$unwind
6239703,thrombosis_prediction,measurement_code_bags,7,6,$addFields>$project>$unwind>$group>$sort>$limit>$project,$addFields,$project,unwind_grouped,medium_6_to_7,True,True,True,2,0,1,1,1,1,1,$project
6250485,california_schools,district_rollups,9,6,$project>$unwind>$unwind>$match>$group>$match>$project>$sort>$limit,$project,$limit,multi_unwind_grouped,long_8_to_9,True,True,True,2,2,2,0,1,1,1,$match+$project+$unwind
6267960,card_games,card_print_dossiers,8,6,$addFields>$project>$unwind>$addFields>$group>$project>$sort>$limit,$addFields,$limit,unwind_grouped,long_8_to_9,True,True,True,2,0,1,2,1,1,1,$addFields+$project
6285409,debit_card_specializing,fuel_station_market_catalog,9,6,$project>$unwind>$unwind>$project>$match>$group>$project>$sort>$limit,$project,$limit,multi_unwind_grouped,long_8_to_9,True,True,True,3,1,2,0,1,1,1,$project+$unwind
6303740,toxicology,molecule_graphs,5,5,$addFields>$match>$sort>$limit>$project,$addFields,$project,linear_filter_project,short_3_to_5,False,False,False,1,1,0,1,0,1,1,none
6307510,student_club,club_event_plans_v2,8,7,$addFields>$project>$unwind>$match>$group>$project>$sort>$limit,$addFields,$limit,unwind_grouped,long_8_to_9,True,True,True,2,1,1,1,1,1,1,$project
6318216,superhero,publisher_universes,8,7,$unwind>$addFields>$match>$group>$sort>$limit>$project>$project,$unwind,$project,unwind_grouped,long_8_to_9,True,True,True,2,1,1,1,1,1,1,$project
6325945,financial,account_ledgers,8,6,$project>$unwind>$unwind>$match>$group>$project>$sort>$limit,$project,$limit,multi_unwind_grouped,long_8_to_9,True,True,True,2,1,2,0,1,1,1,$project+$unwind
6326094,financial,party_relationship_graphs,6,5,$project>$addFields>$match>$project>$sort>$limit,$project,$limit,enrich_filter_project,medium_6_to_7,False,False,False,2,1,0,1,0,1,1,$project
6345837,codebase_community,community_threads,8,7,$addFields>$project>$unwind>$match>$group>$project>$sort>$limit,$addFields,$limit,unwind_grouped,long_8_to_9,True,True,True,2,1,1,1,1,1,1,$project
6347227,card_games,card_print_dossiers,6,5,$addFields>$addFields>$match>$sort>$limit>$project,$addFields,$project,linear_filter_project,medium_6_to_7,False,False,False,1,1,0,2,0,1,1,$addFields
6358764,european_football_2,match_documents,5,5,$addFields>$match>$project>$sort>$limit,$addFields,$limit,linear_filter_project,short_3_to_5,False,False,False,1,1,0,1,0,1,1,none
6363652,superhero,publisher_universes,8,6,$unwind>$addFields>$project>$unwind>$group>$sort>$limit>$project,$unwind,$project,multi_unwind_grouped,long_8_to_9,True,True,True,2,0,2,1,1,1,1,$project+$unwind
6366791,student_club,club_member_accounts_v2,6,6,$addFields>$unwind>$match>$project>$sort>$limit,$addFields,$limit,unwind_filter_project,medium_6_to_7,True,False,False,1,1,1,1,0,1,1,none
6400539,superhero,ability_catalog,9,6,$addFields>$project>$unwind>$project>$unwind>$group>$sort>$limit>$project,$addFields,$project,multi_unwind_grouped,long_8_to_9,True,True,True,3,0,2,1,1,1,1,$project+$unwind
6500733,financial,district_market_contexts,8,6,$project>$unwind>$addFields>$match>$project>$sort>$limit>$project,$project,$project,unwind_filter_project,long_8_to_9,True,False,False,3,1,1,1,0,1,1,$project
6534850,codebase_community,user_reputation_profiles,10,7,$addFields>$project>$unwind>$match>$group>$match>$addFields>$project>$sort>$limit,$addFields,$limit,unwind_grouped,very_long_10_plus,True,True,True,2,2,1,2,1,1,1,$addFields+$match+$project
6559840,superhero,hero_dossiers,9,7,$project>$unwind>$unwind>$addFields>$match>$group>$project>$sort>$limit,$project,$limit,multi_unwind_grouped,long_8_to_9,True,True,True,2,1,2,1,1,1,1,$project+$unwind
6560027,superhero,ability_catalog,7,6,$addFields>$project>$unwind>$group>$sort>$limit>$project,$addFields,$project,unwind_grouped,medium_6_to_7,True,True,True,2,0,1,1,1,1,1,$project
6565164,card_games,card_print_dossiers,8,7,$addFields>$project>$unwind>$addFields>$group>$replaceRoot>$sort>$limit,$addFields,$limit,unwind_grouped,long_8_to_9,True,True,True,1,0,1,2,1,1,1,$addFields
6572748,card_games,card_print_dossiers,8,5,$project>$addFields>$addFields>$addFields>$match>$project>$sort>$limit,$project,$limit,enrich_filter_project,long_8_to_9,False,False,False,2,1,0,3,0,1,1,$addFields+$project
6576202,codebase_community,tag_topic_ecosystems,12,7,$addFields>$unwind>$addFields>$unwind>$addFields>$match>$group>$addFields>$match>$project>$sort>$limit,$addFields,$limit,multi_unwind_grouped,very_long_10_plus,True,True,True,1,2,2,4,1,1,1,$addFields+$match+$unwind
6598758,thrombosis_prediction,patient_clinical_profiles,5,5,$addFields>$project>$match>$sort>$limit,$addFields,$limit,linear_filter_project,short_3_to_5,False,False,False,1,1,0,1,0,1,1,none
6609283,toxicology,molecule_graphs,7,5,$project>$unwind>$match>$project>$sort>$limit>$project,$project,$project,unwind_filter_project,medium_6_to_7,True,False,False,3,1,1,0,0,1,1,$project
6638593,card_games,set_release_ecosystems,5,5,$addFields>$project>$match>$sort>$limit,$addFields,$limit,linear_filter_project,short_3_to_5,False,False,False,1,1,0,1,0,1,1,none
6674151,california_schools,district_rollups,5,5,$addFields>$match>$project>$sort>$limit,$addFields,$limit,linear_filter_project,short_3_to_5,False,False,False,1,1,0,1,0,1,1,none
6689251,formula_1,race_weekends_v2,10,7,$addFields>$project>$unwind>$unwind>$match>$group>$match>$sort>$limit>$project,$addFields,$project,multi_unwind_grouped,very_long_10_plus,True,True,True,2,2,2,1,1,1,1,$match+$project+$unwind
6699314,debit_card_specializing,fuel_product_payment_timeline,8,6,$addFields>$project>$unwind>$match>$addFields>$sort>$limit>$project,$addFields,$project,unwind_filter_project,long_8_to_9,True,False,False,2,1,1,2,0,1,1,$addFields+$project
6724756,california_schools,district_rollups,5,4,$project>$match>$sort>$limit>$project,$project,$project,linear_filter_project,short_3_to_5,False,False,False,2,1,0,0,0,1,1,$project
6732063,debit_card_specializing,fuel_product_payment_timeline,8,7,$addFields>$project>$unwind>$match>$group>$project>$sort>$limit,$addFields,$limit,unwind_grouped,long_8_to_9,True,True,True,2,1,1,1,1,1,1,$project
6732834,toxicology,molecule_graphs,8,6,$unwind>$addFields>$addFields>$match>$project>$sort>$limit>$project,$unwind,$project,unwind_filter_project,long_8_to_9,True,False,False,2,1,1,2,0,1,1,$addFields+$project
6737819,card_games,card_print_dossiers,5,5,$addFields>$match>$project>$sort>$limit,$addFields,$limit,linear_filter_project,short_3_to_5,False,False,False,1,1,0,1,0,1,1,none
6743288,thrombosis_prediction,patient_clinical_profiles,6,5,$addFields>$addFields>$match>$project>$sort>$limit,$addFields,$limit,linear_filter_project,medium_6_to_7,False,False,False,1,1,0,2,0,1,1,$addFields
6777963,card_games,set_release_ecosystems,7,6,$project>$unwind>$group>$match>$project>$sort>$limit,$project,$limit,unwind_grouped,medium_6_to_7,True,True,True,2,1,1,0,1,1,1,$project
6790373,student_club,club_member_accounts_v2,7,6,$addFields>$project>$unwind>$match>$project>$sort>$limit,$addFields,$limit,unwind_filter_project,medium_6_to_7,True,False,False,2,1,1,1,0,1,1,$project
6811367,european_football_2,player_profiles,6,5,$project>$unwind>$match>$group>$project>$sort,$project,$sort,unwind_grouped,medium_6_to_7,True,True,True,2,1,1,0,1,1,0,$project
6814911,debit_card_specializing,fuel_customer_spend_profiles,8,7,$addFields>$project>$unwind>$match>$group>$project>$sort>$limit,$addFields,$limit,unwind_grouped,long_8_to_9,True,True,True,2,1,1,1,1,1,1,$project
6815229,card_games,card_print_dossiers,8,5,$project>$addFields>$addFields>$addFields>$match>$project>$sort>$limit,$project,$limit,enrich_filter_project,long_8_to_9,False,False,False,2,1,0,3,0,1,1,$addFields+$project
6828111,financial,district_market_contexts,7,6,$addFields>$project>$unwind>$group>$project>$sort>$limit,$addFields,$limit,unwind_grouped,medium_6_to_7,True,True,True,2,0,1,1,1,1,1,$project
6835446,thrombosis_prediction,patient_clinical_profiles,6,5,$addFields>$addFields>$match>$project>$sort>$limit,$addFields,$limit,linear_filter_project,medium_6_to_7,False,False,False,1,1,0,2,0,1,1,$addFields
6872324,financial,party_relationship_graphs,7,6,$addFields>$project>$unwind>$match>$project>$sort>$limit,$addFields,$limit,unwind_filter_project,medium_6_to_7,True,False,False,2,1,1,1,0,1,1,$project
6879099,codebase_community,tag_topic_ecosystems,11,6,$addFields>$unwind>$match>$addFields>$unwind>$match>$addFields>$match>$sort>$limit>$project,$addFields,$project,unwind_filter_project,very_long_10_plus,True,False,False,1,3,2,3,0,1,1,$addFields+$match+$unwind
6879570,thrombosis_prediction,measurement_code_bags,9,7,$addFields>$project>$unwind>$match>$group>$match>$sort>$limit>$project,$addFields,$project,unwind_grouped,long_8_to_9,True,True,True,2,2,1,1,1,1,1,$match+$project
6893275,debit_card_specializing,fuel_product_payment_timeline,8,7,$addFields>$project>$unwind>$match>$group>$project>$sort>$limit,$addFields,$limit,unwind_grouped,long_8_to_9,True,True,True,2,1,1,1,1,1,1,$project
6943564,codebase_community,tag_topic_ecosystems,5,5,$addFields>$match>$sort>$limit>$project,$addFields,$project,linear_filter_project,short_3_to_5,False,False,False,1,1,0,1,0,1,1,none
6949511,california_schools,county_equity_assessment_panels,9,7,$project>$unwind>$unwind>$group>$addFields>$match>$project>$sort>$limit,$project,$limit,multi_unwind_grouped,long_8_to_9,True,True,True,2,1,2,1,1,1,1,$project+$unwind
6954406,student_club,club_member_accounts_v2,8,7,$addFields>$project>$unwind>$match>$group>$project>$sort>$limit,$addFields,$limit,unwind_grouped,long_8_to_9,True,True,True,2,1,1,1,1,1,1,$project
6959932,financial,account_ledgers,8,7,$addFields>$project>$unwind>$match>$group>$project>$sort>$limit,$addFields,$limit,unwind_grouped,long_8_to_9,True,True,True,2,1,1,1,1,1,1,$project
6966553,codebase_community,tag_topic_ecosystems,8,7,$addFields>$project>$unwind>$match>$group>$project>$sort>$limit,$addFields,$limit,unwind_grouped,long_8_to_9,True,True,True,2,1,1,1,1,1,1,$project
6994507,debit_card_specializing,fuel_station_market_catalog,6,5,$addFields>$match>$project>$sort>$limit>$project,$addFields,$project,enrich_filter_project,medium_6_to_7,False,False,False,2,1,0,1,0,1,1,$project
6999991,european_football_2,match_documents,7,5,$addFields>$addFields>$match>$addFields>$project>$sort>$limit,$addFields,$limit,linear_filter_project,medium_6_to_7,False,False,False,1,1,0,3,0,1,1,$addFields
7005544,california_schools,district_rollups,8,7,$addFields>$project>$unwind>$match>$group>$project>$sort>$limit,$addFields,$limit,unwind_grouped,long_8_to_9,True,True,True,2,1,1,1,1,1,1,$project
7041568,debit_card_specializing,fuel_station_market_catalog,8,6,$addFields>$project>$unwind>$addFields>$group>$project>$sort>$limit,$addFields,$limit,unwind_grouped,long_8_to_9,True,True,True,2,0,1,2,1,1,1,$addFields+$project
7048555,financial,account_ledgers,8,7,$addFields>$project>$unwind>$match>$group>$project>$sort>$limit,$addFields,$limit,unwind_grouped,long_8_to_9,True,True,True,2,1,1,1,1,1,1,$project
7072071,toxicology,molecule_graphs,7,5,$unwind>$project>$unwind>$group>$project>$sort>$limit,$unwind,$limit,multi_unwind_grouped,medium_6_to_7,True,True,True,2,0,2,0,1,1,1,$project+$unwind
7084250,toxicology,molecule_graphs,7,6,$addFields>$project>$unwind>$match>$group>$sort>$project,$addFields,$project,unwind_grouped,medium_6_to_7,True,True,True,2,1,1,1,1,1,0,$project
7095871,thrombosis_prediction,patient_clinical_profiles,7,5,$addFields>$addFields>$addFields>$match>$project>$sort>$limit,$addFields,$limit,linear_filter_project,medium_6_to_7,False,False,False,1,1,0,3,0,1,1,$addFields
7110381,thrombosis_prediction,patient_clinical_profiles,10,6,$addFields>$project>$unwind>$project>$unwind>$project>$group>$sort>$limit>$project,$addFields,$project,multi_unwind_grouped,very_long_10_plus,True,True,True,4,0,2,1,1,1,1,$project+$unwind
7111918,card_games,card_print_dossiers,7,6,$addFields>$project>$unwind>$match>$project>$sort>$limit,$addFields,$limit,unwind_filter_project,medium_6_to_7,True,False,False,2,1,1,1,0,1,1,$project
7119295,student_club,club_event_plans_v2,5,5,$addFields>$project>$match>$sort>$limit,$addFields,$limit,linear_filter_project,short_3_to_5,False,False,False,1,1,0,1,0,1,1,none
7134251,student_club,club_member_accounts_v2,8,7,$addFields>$project>$unwind>$match>$group>$project>$sort>$limit,$addFields,$limit,unwind_grouped,long_8_to_9,True,True,True,2,1,1,1,1,1,1,$project
7139312,financial,counterparty_flow_profiles,7,5,$addFields>$project>$addFields>$match>$project>$sort>$limit,$addFields,$limit,enrich_filter_project,medium_6_to_7,False,False,False,2,1,0,2,0,1,1,$addFields+$project
7155649,california_schools,school_profiles,6,5,$project>$unwind>$match>$project>$sort>$limit,$project,$limit,unwind_filter_project,medium_6_to_7,True,False,False,2,1,1,0,0,1,1,$project
7156238,toxicology,molecule_graphs,9,5,$project>$unwind>$match>$unwind>$unwind>$match>$project>$sort>$limit,$project,$limit,unwind_filter_project,long_8_to_9,True,False,False,2,2,3,0,0,1,1,$match+$project+$unwind
7160858,student_club,club_event_plans_v2,7,6,$addFields>$project>$unwind>$group>$sort>$limit>$project,$addFields,$project,unwind_grouped,medium_6_to_7,True,True,True,2,0,1,1,1,1,1,$project
7183991,card_games,card_print_dossiers,5,5,$addFields>$match>$sort>$project>$limit,$addFields,$limit,linear_filter_project,short_3_to_5,False,False,False,1,1,0,1,0,1,1,none
7189520,superhero,publisher_universes,9,7,$unwind>$addFields>$project>$unwind>$match>$group>$project>$sort>$limit,$unwind,$limit,multi_unwind_grouped,long_8_to_9,True,True,True,2,1,2,1,1,1,1,$project+$unwind
7208130,debit_card_specializing,fuel_product_payment_timeline,9,7,$addFields>$project>$unwind>$unwind>$match>$group>$project>$sort>$limit,$addFields,$limit,multi_unwind_grouped,long_8_to_9,True,True,True,2,1,2,1,1,1,1,$project+$unwind
7222545,formula_1,f1_actor_profiles,4,4,$addFields>$project>$sort>$limit,$addFields,$limit,linear_filter_project,short_3_to_5,False,False,False,1,0,0,1,0,1,1,none
7224810,financial,party_relationship_graphs,6,5,$addFields>$addFields>$match>$project>$sort>$limit,$addFields,$limit,linear_filter_project,medium_6_to_7,False,False,False,1,1,0,2,0,1,1,$addFields
7225834,european_football_2,league_season_buckets,7,5,$addFields>$project>$match>$addFields>$project>$sort>$limit,$addFields,$limit,enrich_filter_project,medium_6_to_7,False,False,False,2,1,0,2,0,1,1,$addFields+$project
7232546,superhero,ability_catalog,7,6,$addFields>$project>$unwind>$match>$group>$project>$sort,$addFields,$sort,unwind_grouped,medium_6_to_7,True,True,True,2,1,1,1,1,1,0,$project
7256746,european_football_2,player_profiles,8,6,$addFields>$project>$unwind>$match>$project>$sort>$limit>$project,$addFields,$project,unwind_filter_project,long_8_to_9,True,False,False,3,1,1,1,0,1,1,$project
7282265,california_schools,county_equity_assessment_panels,7,7,$addFields>$unwind>$match>$group>$project>$sort>$limit,$addFields,$limit,unwind_grouped,medium_6_to_7,True,True,True,1,1,1,1,1,1,1,none
7293653,toxicology,molecule_graphs,8,7,$addFields>$project>$unwind>$match>$group>$project>$sort>$limit,$addFields,$limit,unwind_grouped,long_8_to_9,True,True,True,2,1,1,1,1,1,1,$project
7314106,card_games,card_print_dossiers,6,5,$project>$unwind>$match>$project>$sort>$limit,$project,$limit,unwind_filter_project,medium_6_to_7,True,False,False,2,1,1,0,0,1,1,$project
7322051,toxicology,molecule_graphs,7,5,$unwind>$project>$unwind>$group>$project>$sort>$limit,$unwind,$limit,multi_unwind_grouped,medium_6_to_7,True,True,True,2,0,2,0,1,1,1,$project+$unwind
7330021,financial,account_ledgers,6,5,$project>$unwind>$match>$project>$sort>$limit,$project,$limit,unwind_filter_project,medium_6_to_7,True,False,False,2,1,1,0,0,1,1,$project
7341463,codebase_community,tag_topic_ecosystems,6,5,$addFields>$unwind>$match>$project>$sort>$project,$addFields,$project,unwind_filter_project,medium_6_to_7,True,False,False,2,1,1,1,0,1,0,$project
7357200,financial,district_market_contexts,9,7,$addFields>$addFields>$unwind>$match>$addFields>$group>$project>$sort>$limit,$addFields,$limit,unwind_grouped,long_8_to_9,True,True,True,1,1,1,3,1,1,1,$addFields
7358085,card_games,card_print_dossiers,8,7,$addFields>$project>$unwind>$match>$group>$project>$sort>$limit,$addFields,$limit,unwind_grouped,long_8_to_9,True,True,True,2,1,1,1,1,1,1,$project
7383405,european_football_2,league_season_buckets,6,5,$addFields>$addFields>$match>$sort>$project>$limit,$addFields,$limit,linear_filter_project,medium_6_to_7,False,False,False,1,1,0,2,0,1,1,$addFields
7386746,card_games,card_print_dossiers,9,7,$addFields>$project>$unwind>$match>$addFields>$group>$project>$sort>$limit,$addFields,$limit,unwind_grouped,long_8_to_9,True,True,True,2,1,1,2,1,1,1,$addFields+$project
7387368,toxicology,molecule_graphs,9,5,$project>$unwind>$match>$unwind>$unwind>$match>$project>$sort>$limit,$project,$limit,unwind_filter_project,long_8_to_9,True,False,False,2,2,3,0,0,1,1,$match+$project+$unwind
7393290,codebase_community,community_threads,8,7,$addFields>$project>$unwind>$match>$group>$sort>$limit>$project,$addFields,$project,unwind_grouped,long_8_to_9,True,True,True,2,1,1,1,1,1,1,$project
7402873,codebase_community,community_threads,9,6,$unwind>$project>$unwind>$unwind>$match>$group>$project>$sort>$limit,$unwind,$limit,multi_unwind_grouped,long_8_to_9,True,True,True,2,1,3,0,1,1,1,$project+$unwind
7409307,financial,party_relationship_graphs,6,5,$project>$addFields>$match>$sort>$limit>$project,$project,$project,enrich_filter_project,medium_6_to_7,False,False,False,2,1,0,1,0,1,1,$project
7422128,student_club,club_member_accounts_v2,8,6,$addFields>$match>$sort>$limit>$project>$unwind>$project>$sort,$addFields,$sort,unwind_filter_project,long_8_to_9,True,False,False,2,1,1,1,0,2,1,$project+$sort
7447028,california_schools,county_equity_assessment_panels,7,5,$project>$unwind>$match>$unwind>$project>$sort>$limit,$project,$limit,unwind_filter_project,medium_6_to_7,True,False,False,2,1,2,0,0,1,1,$project+$unwind
7453318,debit_card_specializing,fuel_station_market_catalog,7,6,$addFields>$project>$unwind>$match>$project>$sort>$limit,$addFields,$limit,unwind_filter_project,medium_6_to_7,True,False,False,2,1,1,1,0,1,1,$project
7480286,california_schools,district_rollups,7,7,$addFields>$unwind>$match>$group>$sort>$limit>$project,$addFields,$project,unwind_grouped,medium_6_to_7,True,True,True,1,1,1,1,1,1,1,none
7488283,superhero,publisher_universes,8,5,$project>$unwind>$unwind>$project>$match>$sort>$limit>$project,$project,$project,unwind_filter_project,long_8_to_9,True,False,False,3,1,2,0,0,1,1,$project+$unwind
7513811,card_games,set_release_ecosystems,7,6,$addFields>$project>$unwind>$match>$project>$sort>$limit,$addFields,$limit,unwind_filter_project,medium_6_to_7,True,False,False,2,1,1,1,0,1,1,$project
7524582,card_games,set_release_ecosystems,8,7,$addFields>$project>$unwind>$match>$group>$project>$sort>$limit,$addFields,$limit,unwind_grouped,long_8_to_9,True,True,True,2,1,1,1,1,1,1,$project
7530831,california_schools,school_profiles,7,5,$project>$unwind>$unwind>$match>$project>$sort>$limit,$project,$limit,unwind_filter_project,medium_6_to_7,True,False,False,2,1,2,0,0,1,1,$project+$unwind
7534553,codebase_community,user_reputation_profiles,7,6,$addFields>$project>$unwind>$match>$project>$sort>$limit,$addFields,$limit,unwind_filter_project,medium_6_to_7,True,False,False,2,1,1,1,0,1,1,$project
7534874,toxicology,molecule_graphs,6,5,$addFields>$addFields>$match>$project>$sort>$limit,$addFields,$limit,linear_filter_project,medium_6_to_7,False,False,False,1,1,0,2,0,1,1,$addFields
7543793,card_games,card_print_dossiers,6,5,$addFields>$addFields>$match>$project>$sort>$limit,$addFields,$limit,linear_filter_project,medium_6_to_7,False,False,False,1,1,0,2,0,1,1,$addFields
7555137,financial,account_ledgers,10,7,$addFields>$project>$unwind>$unwind>$match>$group>$match>$sort>$project>$limit,$addFields,$limit,multi_unwind_grouped,very_long_10_plus,True,True,True,2,2,2,1,1,1,1,$match+$project+$unwind
7557202,superhero,hero_dossiers,10,7,$addFields>$project>$unwind>$unwind>$match>$group>$match>$project>$sort>$limit,$addFields,$limit,multi_unwind_grouped,very_long_10_plus,True,True,True,2,2,2,1,1,1,1,$match+$project+$unwind
7558616,superhero,publisher_universes,8,5,$project>$unwind>$unwind>$project>$match>$sort>$limit>$project,$project,$project,unwind_filter_project,long_8_to_9,True,False,False,3,1,2,0,0,1,1,$project+$unwind
7584478,superhero,hero_dossiers,8,6,$addFields>$project>$unwind>$match>$project>$sort>$limit>$project,$addFields,$project,unwind_filter_project,long_8_to_9,True,False,False,3,1,1,1,0,1,1,$project
7585127,debit_card_specializing,fuel_product_payment_timeline,5,5,$addFields>$match>$project>$sort>$limit,$addFields,$limit,linear_filter_project,short_3_to_5,False,False,False,1,1,0,1,0,1,1,none
7605599,european_football_2,player_profiles,6,5,$addFields>$project>$match>$sort>$limit>$project,$addFields,$project,enrich_filter_project,medium_6_to_7,False,False,False,2,1,0,1,0,1,1,$project
7630729,student_club,club_event_plans_v2,5,4,$match>$project>$sort>$limit>$project,$match,$project,linear_filter_project,short_3_to_5,False,False,False,2,1,0,0,0,1,1,$project
7684585,toxicology,molecule_graphs,8,6,$addFields>$project>$unwind>$match>$project>$sort>$limit>$project,$addFields,$project,unwind_filter_project,long_8_to_9,True,False,False,3,1,1,1,0,1,1,$project
7690941,debit_card_specializing,fuel_station_market_catalog,6,5,$project>$unwind>$match>$project>$sort>$limit,$project,$limit,unwind_filter_project,medium_6_to_7,True,False,False,2,1,1,0,0,1,1,$project
7701303,student_club,club_event_plans_v2,7,6,$project>$unwind>$addFields>$match>$project>$sort>$limit,$project,$limit,unwind_filter_project,medium_6_to_7,True,False,False,2,1,1,1,0,1,1,$project
7712517,financial,account_ledgers,6,5,$addFields>$project>$match>$project>$sort>$limit,$addFields,$limit,enrich_filter_project,medium_6_to_7,False,False,False,2,1,0,1,0,1,1,$project
7724889,superhero,ability_catalog,6,6,$addFields>$unwind>$match>$project>$sort>$limit,$addFields,$limit,unwind_filter_project,medium_6_to_7,True,False,False,1,1,1,1,0,1,1,none
7743488,european_football_2,league_season_buckets,6,5,$addFields>$addFields>$match>$project>$sort>$limit,$addFields,$limit,linear_filter_project,medium_6_to_7,False,False,False,1,1,0,2,0,1,1,$addFields
7744139,thrombosis_prediction,measurement_code_bags,6,5,$project>$unwind>$group>$sort>$limit>$project,$project,$project,unwind_grouped,medium_6_to_7,True,True,True,2,0,1,0,1,1,1,$project
7747032,student_club,club_member_accounts_v2,7,6,$addFields>$project>$unwind>$group>$sort>$limit>$project,$addFields,$project,unwind_grouped,medium_6_to_7,True,True,True,2,0,1,1,1,1,1,$project
7747328,student_club,club_member_accounts_v2,8,7,$addFields>$project>$unwind>$match>$group>$project>$sort>$limit,$addFields,$limit,unwind_grouped,long_8_to_9,True,True,True,2,1,1,1,1,1,1,$project
7777020,california_schools,school_profiles,7,6,$addFields>$project>$unwind>$match>$project>$sort>$limit,$addFields,$limit,unwind_filter_project,medium_6_to_7,True,False,False,2,1,1,1,0,1,1,$project
7790378,superhero,ability_catalog,9,6,$match>$project>$unwind>$unwind>$group>$match>$project>$sort>$limit,$match,$limit,multi_unwind_grouped,long_8_to_9,True,True,True,2,2,2,0,1,1,1,$match+$project+$unwind
7796649,superhero,hero_dossiers,10,7,$addFields>$project>$unwind>$unwind>$match>$group>$match>$sort>$limit>$project,$addFields,$project,multi_unwind_grouped,very_long_10_plus,True,True,True,2,2,2,1,1,1,1,$match+$project+$unwind
7802848,toxicology,molecule_graphs,6,5,$addFields>$addFields>$match>$project>$sort>$limit,$addFields,$limit,linear_filter_project,medium_6_to_7,False,False,False,1,1,0,2,0,1,1,$addFields
7839145,formula_1,race_weekends_v2,10,7,$addFields>$project>$unwind>$unwind>$match>$group>$match>$sort>$limit>$project,$addFields,$project,multi_unwind_grouped,very_long_10_plus,True,True,True,2,2,2,1,1,1,1,$match+$project+$unwind
7839717,thrombosis_prediction,measurement_code_bags,6,5,$project>$unwind>$match>$project>$sort>$limit,$project,$limit,unwind_filter_project,medium_6_to_7,True,False,False,2,1,1,0,0,1,1,$project
7844353,thrombosis_prediction,diagnosis_risk_panels,8,6,$addFields>$project>$unwind>$group>$group>$project>$sort>$limit,$addFields,$limit,unwind_grouped,long_8_to_9,True,True,True,2,0,1,1,2,1,1,$group+$project
7845992,financial,account_ledgers,5,5,$addFields>$project>$match>$sort>$limit,$addFields,$limit,linear_filter_project,short_3_to_5,False,False,False,1,1,0,1,0,1,1,none
7849884,codebase_community,tag_topic_ecosystems,6,5,$project>$unwind>$match>$project>$sort>$limit,$project,$limit,unwind_filter_project,medium_6_to_7,True,False,False,2,1,1,0,0,1,1,$project
7850120,thrombosis_prediction,patient_clinical_profiles,5,5,$addFields>$match>$project>$sort>$limit,$addFields,$limit,linear_filter_project,short_3_to_5,False,False,False,1,1,0,1,0,1,1,none
7852013,financial,district_market_contexts,8,7,$addFields>$project>$unwind>$match>$group>$project>$sort>$limit,$addFields,$limit,unwind_grouped,long_8_to_9,True,True,True,2,1,1,1,1,1,1,$project
7852221,toxicology,molecule_graphs,9,7,$unwind>$addFields>$project>$unwind>$match>$group>$sort>$limit>$project,$unwind,$project,multi_unwind_grouped,long_8_to_9,True,True,True,2,1,2,1,1,1,1,$project+$unwind
7860224,toxicology,molecule_graphs,9,6,$project>$unwind>$match>$unwind>$addFields>$match>$project>$sort>$limit,$project,$limit,unwind_filter_project,long_8_to_9,True,False,False,2,2,2,1,0,1,1,$match+$project+$unwind
7868776,toxicology,molecule_graphs,6,6,$addFields>$unwind>$match>$project>$sort>$limit,$addFields,$limit,unwind_filter_project,medium_6_to_7,True,False,False,1,1,1,1,0,1,1,none
7876171,superhero,hero_dossiers,9,7,$project>$unwind>$unwind>$addFields>$match>$group>$project>$sort>$limit,$project,$limit,multi_unwind_grouped,long_8_to_9,True,True,True,2,1,2,1,1,1,1,$project+$unwind
7879800,california_schools,county_equity_assessment_panels,6,5,$addFields>$addFields>$match>$project>$sort>$limit,$addFields,$limit,linear_filter_project,medium_6_to_7,False,False,False,1,1,0,2,0,1,1,$addFields
7901176,formula_1,f1_actor_profiles,5,5,$addFields>$match>$project>$sort>$limit,$addFields,$limit,linear_filter_project,short_3_to_5,False,False,False,1,1,0,1,0,1,1,none
7922693,debit_card_specializing,fuel_product_payment_timeline,8,6,$addFields>$project>$unwind>$addFields>$group>$sort>$limit>$project,$addFields,$project,unwind_grouped,long_8_to_9,True,True,True,2,0,1,2,1,1,1,$addFields+$project
7946324,card_games,card_print_dossiers,10,7,$addFields>$project>$unwind>$unwind>$match>$group>$match>$sort>$limit>$project,$addFields,$project,multi_unwind_grouped,very_long_10_plus,True,True,True,2,2,2,1,1,1,1,$match+$project+$unwind
7954115,student_club,club_event_plans_v2,9,7,$addFields>$project>$addFields>$unwind>$match>$group>$sort>$project>$limit,$addFields,$limit,unwind_grouped,long_8_to_9,True,True,True,2,1,1,2,1,1,1,$addFields+$project
7958036,toxicology,molecule_graphs,7,7,$addFields>$unwind>$match>$group>$project>$sort>$limit,$addFields,$limit,unwind_grouped,medium_6_to_7,True,True,True,1,1,1,1,1,1,1,none
7989742,debit_card_specializing,fuel_station_market_catalog,7,7,$addFields>$unwind>$match>$group>$sort>$limit>$project,$addFields,$project,unwind_grouped,medium_6_to_7,True,True,True,1,1,1,1,1,1,1,none
8014549,superhero,hero_dossiers,8,7,$addFields>$project>$unwind>$match>$group>$project>$sort>$limit,$addFields,$limit,unwind_grouped,long_8_to_9,True,True,True,2,1,1,1,1,1,1,$project
8032913,student_club,club_event_plans_v2,6,5,$project>$unwind>$match>$project>$sort>$limit,$project,$limit,unwind_filter_project,medium_6_to_7,True,False,False,2,1,1,0,0,1,1,$project
8045204,thrombosis_prediction,patient_clinical_profiles,6,5,$addFields>$addFields>$match>$project>$sort>$limit,$addFields,$limit,linear_filter_project,medium_6_to_7,False,False,False,1,1,0,2,0,1,1,$addFields
8058245,toxicology,molecule_graphs,7,6,$unwind>$project>$addFields>$match>$project>$sort>$limit,$unwind,$limit,unwind_filter_project,medium_6_to_7,True,False,False,2,1,1,1,0,1,1,$project
8071507,toxicology,molecule_graphs,8,7,$addFields>$project>$unwind>$match>$group>$project>$sort>$limit,$addFields,$limit,unwind_grouped,long_8_to_9,True,True,True,2,1,1,1,1,1,1,$project
8073643,european_football_2,match_documents,5,5,$addFields>$match>$project>$sort>$limit,$addFields,$limit,linear_filter_project,short_3_to_5,False,False,False,1,1,0,1,0,1,1,none
8086528,thrombosis_prediction,measurement_code_bags,6,5,$project>$unwind>$match>$project>$sort>$limit,$project,$limit,unwind_filter_project,medium_6_to_7,True,False,False,2,1,1,0,0,1,1,$project
8102004,thrombosis_prediction,measurement_code_bags,6,5,$addFields>$addFields>$match>$sort>$limit>$project,$addFields,$project,linear_filter_project,medium_6_to_7,False,False,False,1,1,0,2,0,1,1,$addFields
8130821,california_schools,school_profiles,7,6,$project>$unwind>$match>$set>$project>$sort>$limit,$project,$limit,unwind_filter_project,medium_6_to_7,True,False,False,2,1,1,0,0,1,1,$project
8137639,debit_card_specializing,fuel_product_payment_timeline,11,7,$match>$addFields>$unwind>$match>$addFields>$unwind>$unwind>$group>$project>$sort>$limit,$match,$limit,multi_unwind_grouped,very_long_10_plus,True,True,True,1,2,3,2,1,1,1,$addFields+$match+$unwind
8150186,superhero,publisher_universes,11,7,$unwind>$addFields>$project>$unwind>$unwind>$match>$group>$match>$sort>$limit>$project,$unwind,$project,multi_unwind_grouped,very_long_10_plus,True,True,True,2,2,3,1,1,1,1,$match+$project+$unwind
8168694,formula_1,race_weekends_v2,8,6,$addFields>$project>$unwind>$addFields>$group>$sort>$limit>$project,$addFields,$project,unwind_grouped,long_8_to_9,True,True,True,2,0,1,2,1,1,1,$addFields+$project
8171018,codebase_community,user_reputation_profiles,8,6,$addFields>$project>$unwind>$match>$project>$sort>$limit>$project,$addFields,$project,unwind_filter_project,long_8_to_9,True,False,False,3,1,1,1,0,1,1,$project
8173382,student_club,club_member_accounts_v2,9,6,$unwind>$project>$unwind>$match>$group>$match>$project>$sort>$limit,$unwind,$limit,multi_unwind_grouped,long_8_to_9,True,True,True,2,2,2,0,1,1,1,$match+$project+$unwind
8247090,superhero,hero_dossiers,9,7,$project>$unwind>$unwind>$addFields>$match>$group>$project>$sort>$limit,$project,$limit,multi_unwind_grouped,long_8_to_9,True,True,True,2,1,2,1,1,1,1,$project+$unwind
8254721,student_club,club_member_accounts_v2,5,5,$addFields>$match>$sort>$limit>$project,$addFields,$project,linear_filter_project,short_3_to_5,False,False,False,1,1,0,1,0,1,1,none
8256158,formula_1,race_weekends_v2,5,5,$addFields>$match>$project>$sort>$limit,$addFields,$limit,linear_filter_project,short_3_to_5,False,False,False,1,1,0,1,0,1,1,none
8262340,superhero,hero_dossiers,10,6,$addFields>$project>$unwind>$match>$project>$match>$project>$sort>$limit>$project,$addFields,$project,unwind_filter_project,very_long_10_plus,True,False,False,4,2,1,1,0,1,1,$match+$project
8289086,superhero,hero_dossiers,6,5,$project>$unwind>$match>$project>$sort>$limit,$project,$limit,unwind_filter_project,medium_6_to_7,True,False,False,2,1,1,0,0,1,1,$project
8311000,toxicology,molecule_graphs,8,6,$unwind>$addFields>$project>$unwind>$match>$project>$sort>$limit,$unwind,$limit,unwind_filter_project,long_8_to_9,True,False,False,2,1,2,1,0,1,1,$project+$unwind
8311610,student_club,club_event_plans_v2,7,5,$match>$project>$unwind>$match>$project>$sort>$limit,$match,$limit,unwind_filter_project,medium_6_to_7,True,False,False,2,2,1,0,0,1,1,$match+$project
8315929,thrombosis_prediction,patient_clinical_profiles,6,5,$addFields>$addFields>$match>$project>$sort>$limit,$addFields,$limit,linear_filter_project,medium_6_to_7,False,False,False,1,1,0,2,0,1,1,$addFields
8329489,formula_1,race_weekends_v2,6,5,$addFields>$unwind>$addFields>$project>$sort>$limit,$addFields,$limit,unwind_filter_project,medium_6_to_7,True,False,False,1,0,1,2,0,1,1,$addFields
8329834,codebase_community,community_threads,8,6,$project>$unwind>$unwind>$group>$match>$project>$sort>$limit,$project,$limit,multi_unwind_grouped,long_8_to_9,True,True,True,2,1,2,0,1,1,1,$project+$unwind
8336104,california_schools,school_profiles,4,4,$project>$match>$sort>$limit,$project,$limit,linear_filter_project,short_3_to_5,False,False,False,1,1,0,0,0,1,1,none
8344105,thrombosis_prediction,patient_clinical_profiles,8,6,$unwind>$project>$unwind>$match>$group>$project>$sort>$limit,$unwind,$limit,multi_unwind_grouped,long_8_to_9,True,True,True,2,1,2,0,1,1,1,$project+$unwind
8380295,california_schools,school_profiles,7,5,$project>$unwind>$unwind>$match>$project>$sort>$limit,$project,$limit,unwind_filter_project,medium_6_to_7,True,False,False,2,1,2,0,0,1,1,$project+$unwind
8399871,debit_card_specializing,fuel_customer_spend_profiles,7,7,$addFields>$project>$unwind>$group>$sort>$limit>$replaceRoot,$addFields,$replaceRoot,unwind_grouped,medium_6_to_7,True,True,True,1,0,1,1,1,1,1,none
8436877,financial,counterparty_flow_profiles,7,6,$addFields>$project>$unwind>$group>$project>$sort>$limit,$addFields,$limit,unwind_grouped,medium_6_to_7,True,True,True,2,0,1,1,1,1,1,$project
8442468,california_schools,county_equity_assessment_panels,9,7,$project>$unwind>$unwind>$group>$addFields>$match>$project>$sort>$limit,$project,$limit,multi_unwind_grouped,long_8_to_9,True,True,True,2,1,2,1,1,1,1,$project+$unwind
8447016,codebase_community,tag_topic_ecosystems,9,6,$sort>$limit>$addFields>$unwind>$match>$addFields>$unwind>$project>$sort,$sort,$sort,unwind_filter_project,long_8_to_9,True,False,False,1,1,2,2,0,2,1,$addFields+$sort+$unwind
8453470,card_games,set_release_ecosystems,7,6,$project>$unwind>$group>$match>$project>$sort>$limit,$project,$limit,unwind_grouped,medium_6_to_7,True,True,True,2,1,1,0,1,1,1,$project
8461730,financial,account_ledgers,7,6,$addFields>$project>$unwind>$match>$project>$sort>$limit,$addFields,$limit,unwind_filter_project,medium_6_to_7,True,False,False,2,1,1,1,0,1,1,$project
8491049,financial,account_ledgers,5,5,$addFields>$match>$project>$sort>$limit,$addFields,$limit,linear_filter_project,short_3_to_5,False,False,False,1,1,0,1,0,1,1,none
8527358,thrombosis_prediction,measurement_code_bags,6,5,$project>$unwind>$match>$project>$sort>$limit,$project,$limit,unwind_filter_project,medium_6_to_7,True,False,False,2,1,1,0,0,1,1,$project
8573214,european_football_2,player_profiles,7,6,$addFields>$project>$unwind>$match>$project>$sort>$limit,$addFields,$limit,unwind_filter_project,medium_6_to_7,True,False,False,2,1,1,1,0,1,1,$project
8574751,debit_card_specializing,fuel_customer_spend_profiles,7,6,$addFields>$project>$unwind>$match>$project>$sort>$limit,$addFields,$limit,unwind_filter_project,medium_6_to_7,True,False,False,2,1,1,1,0,1,1,$project
8578222,california_schools,district_rollups,8,7,$addFields>$project>$unwind>$match>$group>$project>$sort>$limit,$addFields,$limit,unwind_grouped,long_8_to_9,True,True,True,2,1,1,1,1,1,1,$project
8596757,card_games,card_print_dossiers,6,6,$addFields>$unwind>$match>$project>$sort>$limit,$addFields,$limit,unwind_filter_project,medium_6_to_7,True,False,False,1,1,1,1,0,1,1,none
8607603,superhero,publisher_universes,7,5,$project>$unwind>$unwind>$project>$match>$sort>$limit,$project,$limit,unwind_filter_project,medium_6_to_7,True,False,False,2,1,2,0,0,1,1,$project+$unwind
8614423,formula_1,race_weekends_v2,8,6,$addFields>$project>$unwind>$addFields>$group>$project>$sort>$limit,$addFields,$limit,unwind_grouped,long_8_to_9,True,True,True,2,0,1,2,1,1,1,$addFields+$project
8629922,student_club,club_member_accounts_v2,8,6,$addFields>$project>$unwind>$match>$project>$sort>$limit>$project,$addFields,$project,unwind_filter_project,long_8_to_9,True,False,False,3,1,1,1,0,1,1,$project
8647427,formula_1,f1_actor_profiles,5,5,$addFields>$match>$project>$sort>$limit,$addFields,$limit,linear_filter_project,short_3_to_5,False,False,False,1,1,0,1,0,1,1,none
8676013,thrombosis_prediction,measurement_code_bags,6,5,$project>$unwind>$match>$project>$sort>$limit,$project,$limit,unwind_filter_project,medium_6_to_7,True,False,False,2,1,1,0,0,1,1,$project
8684737,debit_card_specializing,fuel_product_payment_timeline,5,5,$addFields>$project>$match>$sort>$limit,$addFields,$limit,linear_filter_project,short_3_to_5,False,False,False,1,1,0,1,0,1,1,none
8685363,student_club,club_event_plans_v2,8,7,$addFields>$addFields>$unwind>$match>$group>$project>$sort>$limit,$addFields,$limit,unwind_grouped,long_8_to_9,True,True,True,1,1,1,2,1,1,1,$addFields
8696170,student_club,club_event_plans_v2,5,5,$addFields>$match>$project>$sort>$limit,$addFields,$limit,linear_filter_project,short_3_to_5,False,False,False,1,1,0,1,0,1,1,none
8716906,superhero,publisher_universes,6,6,$unwind>$addFields>$match>$project>$sort>$limit,$unwind,$limit,unwind_filter_project,medium_6_to_7,True,False,False,1,1,1,1,0,1,1,none
8725231,formula_1,f1_actor_profiles,5,5,$addFields>$group>$project>$sort>$limit,$addFields,$limit,group_without_unwind,short_3_to_5,False,True,False,1,0,0,1,1,1,1,none
8730045,student_club,club_event_plans_v2,7,6,$addFields>$project>$unwind>$match>$project>$sort>$limit,$addFields,$limit,unwind_filter_project,medium_6_to_7,True,False,False,2,1,1,1,0,1,1,$project
8752889,toxicology,molecule_graphs,9,6,$project>$unwind>$match>$unwind>$addFields>$match>$project>$sort>$limit,$project,$limit,unwind_filter_project,long_8_to_9,True,False,False,2,2,2,1,0,1,1,$match+$project+$unwind
8755616,financial,district_market_contexts,8,7,$addFields>$project>$unwind>$match>$group>$sort>$limit>$project,$addFields,$project,unwind_grouped,long_8_to_9,True,True,True,2,1,1,1,1,1,1,$project
8757489,formula_1,race_weekends_v2,8,6,$addFields>$project>$unwind>$match>$project>$sort>$limit>$project,$addFields,$project,unwind_filter_project,long_8_to_9,True,False,False,3,1,1,1,0,1,1,$project
8820352,student_club,club_event_plans_v2,7,6,$project>$unwind>$match>$group>$project>$sort>$limit,$project,$limit,unwind_grouped,medium_6_to_7,True,True,True,2,1,1,0,1,1,1,$project
8850728,financial,account_ledgers,7,6,$addFields>$project>$unwind>$match>$project>$sort>$limit,$addFields,$limit,unwind_filter_project,medium_6_to_7,True,False,False,2,1,1,1,0,1,1,$project
8853619,toxicology,molecule_graphs,7,6,$addFields>$project>$unwind>$group>$sort>$project>$limit,$addFields,$limit,unwind_grouped,medium_6_to_7,True,True,True,2,0,1,1,1,1,1,$project
8853794,card_games,card_print_dossiers,7,5,$addFields>$addFields>$addFields>$match>$sort>$limit>$project,$addFields,$project,linear_filter_project,medium_6_to_7,False,False,False,1,1,0,3,0,1,1,$addFields
8869769,superhero,ability_catalog,9,6,$match>$project>$unwind>$unwind>$group>$match>$project>$sort>$limit,$match,$limit,multi_unwind_grouped,long_8_to_9,True,True,True,2,2,2,0,1,1,1,$match+$project+$unwind
8898065,california_schools,school_profiles,7,5,$addFields>$addFields>$match>$addFields>$sort>$limit>$project,$addFields,$project,linear_filter_project,medium_6_to_7,False,False,False,1,1,0,3,0,1,1,$addFields
8905575,student_club,club_member_accounts_v2,7,6,$addFields>$project>$unwind>$match>$project>$sort>$limit,$addFields,$limit,unwind_filter_project,medium_6_to_7,True,False,False,2,1,1,1,0,1,1,$project
8935116,codebase_community,user_reputation_profiles,7,6,$addFields>$project>$unwind>$match>$project>$sort>$limit,$addFields,$limit,unwind_filter_project,medium_6_to_7,True,False,False,2,1,1,1,0,1,1,$project
8974821,california_schools,school_profiles,5,5,$addFields>$match>$project>$sort>$limit,$addFields,$limit,linear_filter_project,short_3_to_5,False,False,False,1,1,0,1,0,1,1,none
8977428,california_schools,county_equity_assessment_panels,8,7,$addFields>$project>$unwind>$match>$group>$project>$sort>$limit,$addFields,$limit,unwind_grouped,long_8_to_9,True,True,True,2,1,1,1,1,1,1,$project
9010456,codebase_community,user_reputation_profiles,4,4,$project>$match>$sort>$limit,$project,$limit,linear_filter_project,short_3_to_5,False,False,False,1,1,0,0,0,1,1,none
9017498,thrombosis_prediction,patient_clinical_profiles,6,5,$addFields>$addFields>$match>$project>$sort>$limit,$addFields,$limit,linear_filter_project,medium_6_to_7,False,False,False,1,1,0,2,0,1,1,$addFields
9026305,codebase_community,user_reputation_profiles,8,6,$addFields>$project>$unwind>$match>$project>$sort>$limit>$project,$addFields,$project,unwind_filter_project,long_8_to_9,True,False,False,3,1,1,1,0,1,1,$project
9028191,financial,account_ledgers,5,5,$addFields>$project>$match>$sort>$limit,$addFields,$limit,linear_filter_project,short_3_to_5,False,False,False,1,1,0,1,0,1,1,none
9035256,european_football_2,player_profiles,5,5,$addFields>$project>$match>$sort>$limit,$addFields,$limit,linear_filter_project,short_3_to_5,False,False,False,1,1,0,1,0,1,1,none
9068172,codebase_community,user_reputation_profiles,7,6,$addFields>$project>$unwind>$group>$sort>$limit>$project,$addFields,$project,unwind_grouped,medium_6_to_7,True,True,True,2,0,1,1,1,1,1,$project
9077055,california_schools,county_equity_assessment_panels,5,5,$addFields>$match>$project>$sort>$limit,$addFields,$limit,linear_filter_project,short_3_to_5,False,False,False,1,1,0,1,0,1,1,none
9093679,european_football_2,team_profiles,5,5,$addFields>$project>$match>$sort>$limit,$addFields,$limit,linear_filter_project,short_3_to_5,False,False,False,1,1,0,1,0,1,1,none
9100695,codebase_community,community_threads,8,6,$addFields>$project>$unwind>$match>$project>$sort>$limit>$project,$addFields,$project,unwind_filter_project,long_8_to_9,True,False,False,3,1,1,1,0,1,1,$project
9128937,codebase_community,community_threads,6,5,$project>$unwind>$match>$sort>$limit>$project,$project,$project,unwind_filter_project,medium_6_to_7,True,False,False,2,1,1,0,0,1,1,$project
9135834,student_club,club_event_plans_v2,8,6,$addFields>$project>$unwind>$match>$project>$sort>$limit>$project,$addFields,$project,unwind_filter_project,long_8_to_9,True,False,False,3,1,1,1,0,1,1,$project
9153537,card_games,card_print_dossiers,8,7,$addFields>$project>$unwind>$match>$group>$project>$sort>$limit,$addFields,$limit,unwind_grouped,long_8_to_9,True,True,True,2,1,1,1,1,1,1,$project
9155118,financial,account_ledgers,6,5,$addFields>$project>$match>$project>$sort>$limit,$addFields,$limit,enrich_filter_project,medium_6_to_7,False,False,False,2,1,0,1,0,1,1,$project
9157630,european_football_2,team_profiles,7,6,$addFields>$project>$unwind>$group>$sort>$limit>$project,$addFields,$project,unwind_grouped,medium_6_to_7,True,True,True,2,0,1,1,1,1,1,$project
9178592,card_games,card_print_dossiers,5,5,$addFields>$match>$project>$sort>$limit,$addFields,$limit,linear_filter_project,short_3_to_5,False,False,False,1,1,0,1,0,1,1,none
9184051,toxicology,molecule_graphs,7,5,$unwind>$project>$unwind>$group>$project>$sort>$limit,$unwind,$limit,multi_unwind_grouped,medium_6_to_7,True,True,True,2,0,2,0,1,1,1,$project+$unwind
9196124,card_games,card_print_dossiers,7,6,$addFields>$project>$unwind>$group>$sort>$limit>$project,$addFields,$project,unwind_grouped,medium_6_to_7,True,True,True,2,0,1,1,1,1,1,$project
9209356,thrombosis_prediction,patient_clinical_profiles,6,6,$addFields>$unwind>$match>$project>$sort>$limit,$addFields,$limit,unwind_filter_project,medium_6_to_7,True,False,False,1,1,1,1,0,1,1,none
9228547,debit_card_specializing,fuel_station_market_catalog,7,6,$addFields>$project>$unwind>$match>$project>$sort>$limit,$addFields,$limit,unwind_filter_project,medium_6_to_7,True,False,False,2,1,1,1,0,1,1,$project
9237680,student_club,club_member_accounts_v2,5,5,$addFields>$unwind>$project>$sort>$limit,$addFields,$limit,unwind_filter_project,short_3_to_5,True,False,False,1,0,1,1,0,1,1,none
9241231,european_football_2,team_profiles,8,7,$addFields>$project>$unwind>$match>$group>$match>$sort>$limit,$addFields,$limit,unwind_grouped,long_8_to_9,True,True,True,1,2,1,1,1,1,1,$match
9249868,thrombosis_prediction,patient_clinical_profiles,5,5,$addFields>$match>$project>$sort>$limit,$addFields,$limit,linear_filter_project,short_3_to_5,False,False,False,1,1,0,1,0,1,1,none
9250161,formula_1,race_weekends_v2,8,6,$addFields>$project>$unwind>$addFields>$group>$project>$sort>$limit,$addFields,$limit,unwind_grouped,long_8_to_9,True,True,True,2,0,1,2,1,1,1,$addFields+$project
9258570,financial,district_market_contexts,5,5,$addFields>$match>$project>$sort>$limit,$addFields,$limit,linear_filter_project,short_3_to_5,False,False,False,1,1,0,1,0,1,1,none
9259002,european_football_2,player_profiles,8,7,$addFields>$project>$unwind>$match>$group>$sort>$limit>$project,$addFields,$project,unwind_grouped,long_8_to_9,True,True,True,2,1,1,1,1,1,1,$project
9261814,european_football_2,match_documents,6,5,$addFields>$addFields>$match>$project>$sort>$limit,$addFields,$limit,linear_filter_project,medium_6_to_7,False,False,False,1,1,0,2,0,1,1,$addFields
9278506,european_football_2,team_profiles,7,6,$addFields>$project>$unwind>$match>$project>$sort>$limit,$addFields,$limit,unwind_filter_project,medium_6_to_7,True,False,False,2,1,1,1,0,1,1,$project
9298084,california_schools,district_rollups,8,7,$addFields>$project>$unwind>$match>$group>$project>$sort>$limit,$addFields,$limit,unwind_grouped,long_8_to_9,True,True,True,2,1,1,1,1,1,1,$project
9301197,student_club,club_member_accounts_v2,5,5,$addFields>$match>$project>$sort>$limit,$addFields,$limit,linear_filter_project,short_3_to_5,False,False,False,1,1,0,1,0,1,1,none
9351928,card_games,set_release_ecosystems,6,5,$project>$unwind>$group>$project>$sort>$limit,$project,$limit,unwind_grouped,medium_6_to_7,True,True,True,2,0,1,0,1,1,1,$project
9352285,financial,district_market_contexts,7,6,$addFields>$project>$unwind>$match>$project>$sort>$limit,$addFields,$limit,unwind_filter_project,medium_6_to_7,True,False,False,2,1,1,1,0,1,1,$project
9357360,california_schools,district_rollups,6,5,$project>$unwind>$match>$project>$sort>$limit,$project,$limit,unwind_filter_project,medium_6_to_7,True,False,False,2,1,1,0,0,1,1,$project
9364556,formula_1,race_weekends_v2,8,7,$addFields>$project>$unwind>$match>$group>$project>$sort>$limit,$addFields,$limit,unwind_grouped,long_8_to_9,True,True,True,2,1,1,1,1,1,1,$project
9373733,superhero,publisher_universes,10,6,$unwind>$addFields>$project>$unwind>$match>$project>$addFields>$project>$sort>$limit,$unwind,$limit,unwind_filter_project,very_long_10_plus,True,False,False,3,1,2,2,0,1,1,$addFields+$project+$unwind
9384774,california_schools,school_profiles,6,5,$addFields>$addFields>$match>$project>$sort>$limit,$addFields,$limit,linear_filter_project,medium_6_to_7,False,False,False,1,1,0,2,0,1,1,$addFields
9389431,california_schools,district_rollups,8,7,$addFields>$project>$unwind>$match>$group>$project>$sort>$limit,$addFields,$limit,unwind_grouped,long_8_to_9,True,True,True,2,1,1,1,1,1,1,$project
9394173,superhero,ability_catalog,6,5,$addFields>$project>$match>$sort>$project>$limit,$addFields,$limit,enrich_filter_project,medium_6_to_7,False,False,False,2,1,0,1,0,1,1,$project
9409411,debit_card_specializing,fuel_station_market_catalog,8,7,$addFields>$project>$unwind>$match>$group>$project>$sort>$limit,$addFields,$limit,unwind_grouped,long_8_to_9,True,True,True,2,1,1,1,1,1,1,$project
9455984,card_games,set_release_ecosystems,8,7,$addFields>$project>$unwind>$match>$group>$project>$sort>$limit,$addFields,$limit,unwind_grouped,long_8_to_9,True,True,True,2,1,1,1,1,1,1,$project
9467162,california_schools,school_profiles,7,5,$addFields>$addFields>$match>$addFields>$project>$sort>$limit,$addFields,$limit,linear_filter_project,medium_6_to_7,False,False,False,1,1,0,3,0,1,1,$addFields
9467551,card_games,card_print_dossiers,7,6,$addFields>$project>$unwind>$match>$project>$sort>$limit,$addFields,$limit,unwind_filter_project,medium_6_to_7,True,False,False,2,1,1,1,0,1,1,$project
9476086,california_schools,school_profiles,8,6,$addFields>$project>$unwind>$addFields>$group>$sort>$limit>$project,$addFields,$project,unwind_grouped,long_8_to_9,True,True,True,2,0,1,2,1,1,1,$addFields+$project
9480162,formula_1,f1_actor_profiles,5,5,$addFields>$match>$sort>$limit>$project,$addFields,$project,linear_filter_project,short_3_to_5,False,False,False,1,1,0,1,0,1,1,none
9512203,california_schools,county_equity_assessment_panels,7,5,$project>$unwind>$match>$unwind>$project>$sort>$limit,$project,$limit,unwind_filter_project,medium_6_to_7,True,False,False,2,1,2,0,0,1,1,$project+$unwind
9517653,toxicology,molecule_graphs,7,5,$unwind>$project>$unwind>$group>$project>$sort>$limit,$unwind,$limit,multi_unwind_grouped,medium_6_to_7,True,True,True,2,0,2,0,1,1,1,$project+$unwind
9521932,superhero,hero_dossiers,6,6,$addFields>$unwind>$match>$group>$project>$sort,$addFields,$sort,unwind_grouped,medium_6_to_7,True,True,True,1,1,1,1,1,1,0,none
9539834,california_schools,county_equity_assessment_panels,9,7,$addFields>$addFields>$project>$unwind>$match>$group>$project>$sort>$limit,$addFields,$limit,unwind_grouped,long_8_to_9,True,True,True,2,1,1,2,1,1,1,$addFields+$project
9547625,toxicology,molecule_graphs,8,5,$project>$unwind>$match>$unwind>$addFields>$match>$project>$sort,$project,$sort,unwind_filter_project,long_8_to_9,True,False,False,2,2,2,1,0,1,0,$match+$project+$unwind
9550575,california_schools,school_profiles,10,7,$addFields>$project>$unwind>$unwind>$match>$group>$match>$sort>$project>$limit,$addFields,$limit,multi_unwind_grouped,very_long_10_plus,True,True,True,2,2,2,1,1,1,1,$match+$project+$unwind
9586800,debit_card_specializing,fuel_product_payment_timeline,5,5,$addFields>$match>$sort>$limit>$project,$addFields,$project,linear_filter_project,short_3_to_5,False,False,False,1,1,0,1,0,1,1,none
9587440,toxicology,molecule_graphs,9,7,$unwind>$addFields>$project>$unwind>$match>$group>$project>$sort>$limit,$unwind,$limit,multi_unwind_grouped,long_8_to_9,True,True,True,2,1,2,1,1,1,1,$project+$unwind
9604733,european_football_2,match_documents,6,5,$addFields>$addFields>$match>$project>$sort>$limit,$addFields,$limit,linear_filter_project,medium_6_to_7,False,False,False,1,1,0,2,0,1,1,$addFields
9612734,codebase_community,user_reputation_profiles,6,5,$addFields>$match>$project>$sort>$limit>$project,$addFields,$project,enrich_filter_project,medium_6_to_7,False,False,False,2,1,0,1,0,1,1,$project
9615106,toxicology,molecule_graphs,7,6,$unwind>$addFields>$project>$match>$sort>$limit>$project,$unwind,$project,unwind_filter_project,medium_6_to_7,True,False,False,2,1,1,1,0,1,1,$project
9623641,card_games,card_print_dossiers,7,6,$addFields>$project>$unwind>$group>$project>$sort>$limit,$addFields,$limit,unwind_grouped,medium_6_to_7,True,True,True,2,0,1,1,1,1,1,$project
9635738,toxicology,molecule_graphs,9,7,$unwind>$addFields>$project>$unwind>$match>$group>$project>$sort>$limit,$unwind,$limit,multi_unwind_grouped,long_8_to_9,True,True,True,2,1,2,1,1,1,1,$project+$unwind
9642679,card_games,card_print_dossiers,7,6,$addFields>$project>$unwind>$group>$sort>$limit>$project,$addFields,$project,unwind_grouped,medium_6_to_7,True,True,True,2,0,1,1,1,1,1,$project
9660814,financial,account_ledgers,7,6,$addFields>$project>$unwind>$group>$sort>$limit>$project,$addFields,$project,unwind_grouped,medium_6_to_7,True,True,True,2,0,1,1,1,1,1,$project
9666690,european_football_2,player_profiles,6,5,$project>$unwind>$match>$project>$sort>$limit,$project,$limit,unwind_filter_project,medium_6_to_7,True,False,False,2,1,1,0,0,1,1,$project
9669289,financial,counterparty_flow_profiles,7,6,$addFields>$project>$unwind>$match>$project>$sort>$limit,$addFields,$limit,unwind_filter_project,medium_6_to_7,True,False,False,2,1,1,1,0,1,1,$project
9676095,european_football_2,player_profiles,6,5,$addFields>$match>$project>$sort>$limit>$project,$addFields,$project,enrich_filter_project,medium_6_to_7,False,False,False,2,1,0,1,0,1,1,$project
9734565,codebase_community,community_threads,9,6,$addFields>$project>$unwind>$match>$project>$sort>$limit>$addFields>$project,$addFields,$project,unwind_filter_project,long_8_to_9,True,False,False,3,1,1,2,0,1,1,$addFields+$project
9752084,toxicology,molecule_graphs,7,6,$addFields>$project>$unwind>$group>$sort>$limit>$project,$addFields,$project,unwind_grouped,medium_6_to_7,True,True,True,2,0,1,1,1,1,1,$project
9755054,california_schools,county_equity_assessment_panels,6,5,$addFields>$addFields>$match>$project>$sort>$limit,$addFields,$limit,linear_filter_project,medium_6_to_7,False,False,False,1,1,0,2,0,1,1,$addFields
9773981,card_games,card_print_dossiers,6,5,$project>$unwind>$match>$project>$sort>$limit,$project,$limit,unwind_filter_project,medium_6_to_7,True,False,False,2,1,1,0,0,1,1,$project
9790175,superhero,hero_dossiers,6,5,$project>$unwind>$match>$project>$sort>$limit,$project,$limit,unwind_filter_project,medium_6_to_7,True,False,False,2,1,1,0,0,1,1,$project
9812146,thrombosis_prediction,diagnosis_risk_panels,8,6,$project>$unwind>$unwind>$group>$match>$project>$sort>$limit,$project,$limit,multi_unwind_grouped,long_8_to_9,True,True,True,2,1,2,0,1,1,1,$project+$unwind
9819306,codebase_community,user_reputation_profiles,8,7,$addFields>$project>$unwind>$match>$group>$sort>$limit>$project,$addFields,$project,unwind_grouped,long_8_to_9,True,True,True,2,1,1,1,1,1,1,$project
9827790,card_games,card_print_dossiers,7,6,$addFields>$project>$unwind>$group>$project>$sort>$limit,$addFields,$limit,unwind_grouped,medium_6_to_7,True,True,True,2,0,1,1,1,1,1,$project
9830924,california_schools,school_profiles,7,5,$project>$unwind>$unwind>$match>$project>$sort>$limit,$project,$limit,unwind_filter_project,medium_6_to_7,True,False,False,2,1,2,0,0,1,1,$project+$unwind
9833858,superhero,hero_dossiers,6,6,$addFields>$match>$group>$sort>$limit>$project,$addFields,$project,group_without_unwind,medium_6_to_7,False,True,False,1,1,0,1,1,1,1,none
9839112,codebase_community,user_reputation_profiles,7,6,$addFields>$project>$unwind>$group>$sort>$limit>$project,$addFields,$project,unwind_grouped,medium_6_to_7,True,True,True,2,0,1,1,1,1,1,$project
9873292,student_club,club_event_plans_v2,9,6,$addFields>$project>$unwind>$match>$addFields>$project>$sort>$limit>$project,$addFields,$project,unwind_filter_project,long_8_to_9,True,False,False,3,1,1,2,0,1,1,$addFields+$project
9884066,debit_card_specializing,fuel_product_payment_timeline,6,5,$project>$unwind>$match>$project>$sort>$limit,$project,$limit,unwind_filter_project,medium_6_to_7,True,False,False,2,1,1,0,0,1,1,$project
9890202,financial,counterparty_flow_profiles,9,7,$project>$addFields>$project>$unwind>$match>$group>$sort>$limit>$project,$project,$project,unwind_grouped,long_8_to_9,True,True,True,3,1,1,1,1,1,1,$project
9894693,california_schools,district_rollups,9,6,$project>$unwind>$unwind>$match>$group>$match>$project>$sort>$limit,$project,$limit,multi_unwind_grouped,long_8_to_9,True,True,True,2,2,2,0,1,1,1,$match+$project+$unwind
9913188,formula_1,race_weekends_v2,5,5,$addFields>$match>$project>$sort>$limit,$addFields,$limit,linear_filter_project,short_3_to_5,False,False,False,1,1,0,1,0,1,1,none
9930817,codebase_community,community_threads,9,7,$addFields>$project>$unwind>$match>$group>$match>$sort>$limit>$project,$addFields,$project,unwind_grouped,long_8_to_9,True,True,True,2,2,1,1,1,1,1,$match+$project
9931265,formula_1,race_weekends_v2,7,6,$project>$unwind>$match>$group>$project>$sort>$limit,$project,$limit,unwind_grouped,medium_6_to_7,True,True,True,2,1,1,0,1,1,1,$project
9962223,european_football_2,player_profiles,6,5,$addFields>$project>$match>$sort>$project>$limit,$addFields,$limit,enrich_filter_project,medium_6_to_7,False,False,False,2,1,0,1,0,1,1,$project
9982470,thrombosis_prediction,patient_clinical_profiles,8,7,$addFields>$project>$unwind>$match>$group>$sort>$limit>$project,$addFields,$project,unwind_grouped,long_8_to_9,True,True,True,2,1,1,1,1,1,1,$project
10000512,codebase_community,tag_topic_ecosystems,8,6,$addFields>$project>$unwind>$group>$addFields>$sort>$limit>$project,$addFields,$project,unwind_grouped,long_8_to_9,True,True,True,2,0,1,2,1,1,1,$addFields+$project
10003899,formula_1,race_weekends_v2,10,6,$addFields>$project>$unwind>$match>$addFields>$unwind>$match>$project>$sort>$limit,$addFields,$limit,unwind_filter_project,very_long_10_plus,True,False,False,2,2,2,2,0,1,1,$addFields+$match+$project+$unwind
10007072,thrombosis_prediction,patient_clinical_profiles,8,6,$addFields>$project>$unwind>$match>$addFields>$sort>$limit>$project,$addFields,$project,unwind_filter_project,long_8_to_9,True,False,False,2,1,1,2,0,1,1,$addFields+$project
10024148,financial,account_ledgers,7,6,$addFields>$project>$unwind>$match>$project>$sort>$limit,$addFields,$limit,unwind_filter_project,medium_6_to_7,True,False,False,2,1,1,1,0,1,1,$project
10053801,toxicology,molecule_graphs,6,5,$addFields>$project>$addFields>$match>$sort>$limit,$addFields,$limit,linear_filter_project,medium_6_to_7,False,False,False,1,1,0,2,0,1,1,$addFields
10058478,european_football_2,match_documents,7,5,$addFields>$addFields>$match>$project>$sort>$limit>$project,$addFields,$project,enrich_filter_project,medium_6_to_7,False,False,False,2,1,0,2,0,1,1,$addFields+$project
10082429,toxicology,molecule_graphs,7,5,$unwind>$project>$unwind>$match>$project>$sort>$limit,$unwind,$limit,unwind_filter_project,medium_6_to_7,True,False,False,2,1,2,0,0,1,1,$project+$unwind
10094871,thrombosis_prediction,patient_clinical_profiles,7,6,$addFields>$unwind>$match>$addFields>$project>$sort>$limit,$addFields,$limit,unwind_filter_project,medium_6_to_7,True,False,False,1,1,1,2,0,1,1,$addFields
10101394,codebase_community,community_threads,8,7,$addFields>$project>$unwind>$match>$group>$project>$sort>$limit,$addFields,$limit,unwind_grouped,long_8_to_9,True,True,True,2,1,1,1,1,1,1,$project
10101684,california_schools,school_profiles,8,7,$addFields>$project>$unwind>$match>$group>$project>$sort>$limit,$addFields,$limit,unwind_grouped,long_8_to_9,True,True,True,2,1,1,1,1,1,1,$project
10108714,formula_1,race_weekends_v2,6,5,$project>$addFields>$match>$sort>$limit>$project,$project,$project,enrich_filter_project,medium_6_to_7,False,False,False,2,1,0,1,0,1,1,$project
10124777,formula_1,race_weekends_v2,6,6,$addFields>$unwind>$match>$project>$sort>$limit,$addFields,$limit,unwind_filter_project,medium_6_to_7,True,False,False,1,1,1,1,0,1,1,none
10137642,student_club,club_event_plans_v2,9,7,$addFields>$project>$unwind>$match>$group>$match>$sort>$limit>$project,$addFields,$project,unwind_grouped,long_8_to_9,True,True,True,2,2,1,1,1,1,1,$match+$project
10156937,student_club,club_event_plans_v2,9,7,$addFields>$project>$unwind>$match>$group>$match>$sort>$limit>$project,$addFields,$project,unwind_grouped,long_8_to_9,True,True,True,2,2,1,1,1,1,1,$match+$project
10173215,formula_1,race_weekends_v2,8,7,$addFields>$unwind>$match>$unwind>$group>$sort>$limit>$project,$addFields,$project,multi_unwind_grouped,long_8_to_9,True,True,True,1,1,2,1,1,1,1,$unwind
10177329,financial,district_market_contexts,5,5,$addFields>$match>$project>$sort>$limit,$addFields,$limit,linear_filter_project,short_3_to_5,False,False,False,1,1,0,1,0,1,1,none
10195199,thrombosis_prediction,diagnosis_risk_panels,6,5,$addFields>$addFields>$project>$match>$sort>$limit,$addFields,$limit,linear_filter_project,medium_6_to_7,False,False,False,1,1,0,2,0,1,1,$addFields
10211368,superhero,publisher_universes,12,7,$unwind>$addFields>$project>$unwind>$project>$unwind>$match>$group>$match>$sort>$limit>$project,$unwind,$project,multi_unwind_grouped,very_long_10_plus,True,True,True,3,2,3,1,1,1,1,$match+$project+$unwind
10211410,superhero,hero_dossiers,7,6,$addFields>$addFields>$unwind>$group>$sort>$limit>$project,$addFields,$project,unwind_grouped,medium_6_to_7,True,True,True,1,0,1,2,1,1,1,$addFields
10254917,european_football_2,match_documents,6,5,$addFields>$addFields>$match>$project>$sort>$limit,$addFields,$limit,linear_filter_project,medium_6_to_7,False,False,False,1,1,0,2,0,1,1,$addFields
10282191,european_football_2,match_documents,5,5,$addFields>$match>$project>$sort>$limit,$addFields,$limit,linear_filter_project,short_3_to_5,False,False,False,1,1,0,1,0,1,1,none
10299745,financial,account_ledgers,7,6,$addFields>$project>$unwind>$group>$sort>$limit>$project,$addFields,$project,unwind_grouped,medium_6_to_7,True,True,True,2,0,1,1,1,1,1,$project
10308122,card_games,card_print_dossiers,7,6,$addFields>$unwind>$match>$addFields>$sort>$limit>$project,$addFields,$project,unwind_filter_project,medium_6_to_7,True,False,False,1,1,1,2,0,1,1,$addFields
10312211,european_football_2,match_documents,5,5,$addFields>$match>$project>$sort>$limit,$addFields,$limit,linear_filter_project,short_3_to_5,False,False,False,1,1,0,1,0,1,1,none
10317713,california_schools,county_equity_assessment_panels,8,7,$addFields>$project>$unwind>$match>$group>$sort>$limit>$project,$addFields,$project,unwind_grouped,long_8_to_9,True,True,True,2,1,1,1,1,1,1,$project
10330601,codebase_community,user_reputation_profiles,7,5,$addFields>$addFields>$match>$addFields>$project>$sort>$limit,$addFields,$limit,linear_filter_project,medium_6_to_7,False,False,False,1,1,0,3,0,1,1,$addFields
10347624,student_club,club_event_plans_v2,8,7,$addFields>$unwind>$match>$group>$match>$sort>$limit>$project,$addFields,$project,unwind_grouped,long_8_to_9,True,True,True,1,2,1,1,1,1,1,$match
10348001,debit_card_specializing,fuel_customer_spend_profiles,7,7,$unwind>$addFields>$match>$group>$project>$sort>$limit,$unwind,$limit,unwind_grouped,medium_6_to_7,True,True,True,1,1,1,1,1,1,1,none
10367129,student_club,club_event_plans_v2,7,6,$addFields>$project>$unwind>$group>$sort>$limit>$project,$addFields,$project,unwind_grouped,medium_6_to_7,True,True,True,2,0,1,1,1,1,1,$project
10368731,codebase_community,community_threads,8,7,$addFields>$project>$unwind>$match>$group>$project>$sort>$limit,$addFields,$limit,unwind_grouped,long_8_to_9,True,True,True,2,1,1,1,1,1,1,$project
10375272,financial,account_ledgers,8,7,$addFields>$project>$unwind>$match>$group>$project>$sort>$limit,$addFields,$limit,unwind_grouped,long_8_to_9,True,True,True,2,1,1,1,1,1,1,$project
10382410,superhero,ability_catalog,7,5,$addFields>$addFields>$match>$project>$sort>$limit>$project,$addFields,$project,enrich_filter_project,medium_6_to_7,False,False,False,2,1,0,2,0,1,1,$addFields+$project
10412486,california_schools,district_rollups,8,7,$addFields>$project>$unwind>$match>$group>$project>$sort>$limit,$addFields,$limit,unwind_grouped,long_8_to_9,True,True,True,2,1,1,1,1,1,1,$project
10413047,european_football_2,player_profiles,7,6,$addFields>$project>$unwind>$match>$project>$sort>$limit,$addFields,$limit,unwind_filter_project,medium_6_to_7,True,False,False,2,1,1,1,0,1,1,$project
10419231,superhero,ability_catalog,10,7,$addFields>$project>$unwind>$unwind>$match>$group>$match>$sort>$limit>$project,$addFields,$project,multi_unwind_grouped,very_long_10_plus,True,True,True,2,2,2,1,1,1,1,$match+$project+$unwind
10438689,formula_1,race_weekends_v2,7,6,$addFields>$project>$unwind>$match>$project>$sort>$limit,$addFields,$limit,unwind_filter_project,medium_6_to_7,True,False,False,2,1,1,1,0,1,1,$project
10445233,toxicology,molecule_graphs,9,7,$unwind>$addFields>$project>$unwind>$match>$group>$project>$sort>$limit,$unwind,$limit,multi_unwind_grouped,long_8_to_9,True,True,True,2,1,2,1,1,1,1,$project+$unwind
10471646,toxicology,molecule_graphs,9,7,$unwind>$addFields>$project>$unwind>$match>$group>$sort>$limit>$project,$unwind,$project,multi_unwind_grouped,long_8_to_9,True,True,True,2,1,2,1,1,1,1,$project+$unwind
10478527,thrombosis_prediction,measurement_code_bags,6,5,$project>$unwind>$match>$project>$sort>$limit,$project,$limit,unwind_filter_project,medium_6_to_7,True,False,False,2,1,1,0,0,1,1,$project
10489673,debit_card_specializing,fuel_product_payment_timeline,6,5,$project>$addFields>$match>$sort>$limit>$project,$project,$project,enrich_filter_project,medium_6_to_7,False,False,False,2,1,0,1,0,1,1,$project
10513694,financial,party_relationship_graphs,8,7,$addFields>$project>$unwind>$match>$group>$project>$sort>$limit,$addFields,$limit,unwind_grouped,long_8_to_9,True,True,True,2,1,1,1,1,1,1,$project
10514372,toxicology,molecule_graphs,7,5,$addFields>$addFields>$addFields>$match>$project>$sort>$limit,$addFields,$limit,linear_filter_project,medium_6_to_7,False,False,False,1,1,0,3,0,1,1,$addFields
10528157,thrombosis_prediction,patient_clinical_profiles,7,5,$addFields>$project>$match>$project>$sort>$limit>$project,$addFields,$project,enrich_filter_project,medium_6_to_7,False,False,False,3,1,0,1,0,1,1,$project
10529605,card_games,set_release_ecosystems,8,7,$addFields>$project>$unwind>$match>$group>$sort>$limit>$project,$addFields,$project,unwind_grouped,long_8_to_9,True,True,True,2,1,1,1,1,1,1,$project
10536305,codebase_community,tag_topic_ecosystems,8,6,$addFields>$project>$unwind>$match>$project>$sort>$limit>$project,$addFields,$project,unwind_filter_project,long_8_to_9,True,False,False,3,1,1,1,0,1,1,$project
10543232,debit_card_specializing,fuel_customer_spend_profiles,5,5,$addFields>$project>$match>$sort>$limit,$addFields,$limit,linear_filter_project,short_3_to_5,False,False,False,1,1,0,1,0,1,1,none
10555816,debit_card_specializing,fuel_station_market_catalog,5,5,$addFields>$match>$sort>$limit>$project,$addFields,$project,linear_filter_project,short_3_to_5,False,False,False,1,1,0,1,0,1,1,none
10563924,codebase_community,community_threads,8,7,$addFields>$unwind>$match>$group>$match>$sort>$limit>$project,$addFields,$project,unwind_grouped,long_8_to_9,True,True,True,1,2,1,1,1,1,1,$match
10573348,formula_1,race_weekends_v2,8,6,$project>$unwind>$match>$addFields>$match>$project>$sort>$limit,$project,$limit,unwind_filter_project,long_8_to_9,True,False,False,2,2,1,1,0,1,1,$match+$project
10590387,financial,party_relationship_graphs,8,7,$addFields>$project>$unwind>$match>$group>$project>$sort>$limit,$addFields,$limit,unwind_grouped,long_8_to_9,True,True,True,2,1,1,1,1,1,1,$project
10595311,card_games,card_print_dossiers,8,7,$addFields>$project>$unwind>$match>$group>$project>$sort>$limit,$addFields,$limit,unwind_grouped,long_8_to_9,True,True,True,2,1,1,1,1,1,1,$project
10626397,california_schools,county_equity_assessment_panels,5,5,$addFields>$match>$project>$sort>$limit,$addFields,$limit,linear_filter_project,short_3_to_5,False,False,False,1,1,0,1,0,1,1,none
10633964,card_games,card_print_dossiers,7,6,$addFields>$project>$unwind>$match>$project>$sort>$limit,$addFields,$limit,unwind_filter_project,medium_6_to_7,True,False,False,2,1,1,1,0,1,1,$project
10651381,thrombosis_prediction,diagnosis_risk_panels,8,7,$addFields>$project>$unwind>$match>$group>$project>$sort>$limit,$addFields,$limit,unwind_grouped,long_8_to_9,True,True,True,2,1,1,1,1,1,1,$project
10662101,debit_card_specializing,fuel_customer_spend_profiles,7,6,$addFields>$project>$unwind>$match>$project>$sort>$limit,$addFields,$limit,unwind_filter_project,medium_6_to_7,True,False,False,2,1,1,1,0,1,1,$project
10662558,thrombosis_prediction,diagnosis_risk_panels,8,7,$addFields>$project>$unwind>$match>$group>$project>$sort>$limit,$addFields,$limit,unwind_grouped,long_8_to_9,True,True,True,2,1,1,1,1,1,1,$project
10666033,formula_1,race_weekends_v2,6,5,$project>$unwind>$match>$project>$sort>$limit,$project,$limit,unwind_filter_project,medium_6_to_7,True,False,False,2,1,1,0,0,1,1,$project
10671685,toxicology,molecule_graphs,7,6,$unwind>$addFields>$project>$match>$project>$sort>$limit,$unwind,$limit,unwind_filter_project,medium_6_to_7,True,False,False,2,1,1,1,0,1,1,$project
10693325,formula_1,f1_actor_profiles,6,5,$project>$unwind>$group>$project>$sort>$limit,$project,$limit,unwind_grouped,medium_6_to_7,True,True,True,2,0,1,0,1,1,1,$project
10704627,california_schools,district_rollups,6,5,$project>$unwind>$match>$project>$sort>$limit,$project,$limit,unwind_filter_project,medium_6_to_7,True,False,False,2,1,1,0,0,1,1,$project
10709085,california_schools,district_rollups,8,7,$addFields>$project>$unwind>$match>$group>$project>$sort>$limit,$addFields,$limit,unwind_grouped,long_8_to_9,True,True,True,2,1,1,1,1,1,1,$project
10714210,california_schools,district_rollups,5,5,$addFields>$match>$project>$sort>$limit,$addFields,$limit,linear_filter_project,short_3_to_5,False,False,False,1,1,0,1,0,1,1,none
10720505,superhero,publisher_universes,5,5,$unwind>$project>$match>$sort>$limit,$unwind,$limit,unwind_filter_project,short_3_to_5,True,False,False,1,1,1,0,0,1,1,none
10755345,superhero,publisher_universes,7,5,$unwind>$project>$unwind>$match>$project>$sort>$limit,$unwind,$limit,unwind_filter_project,medium_6_to_7,True,False,False,2,1,2,0,0,1,1,$project+$unwind
10760573,student_club,club_event_plans_v2,5,5,$addFields>$match>$sort>$project>$limit,$addFields,$limit,linear_filter_project,short_3_to_5,False,False,False,1,1,0,1,0,1,1,none
10795464,codebase_community,user_reputation_profiles,8,7,$addFields>$project>$unwind>$match>$group>$project>$sort>$limit,$addFields,$limit,unwind_grouped,long_8_to_9,True,True,True,2,1,1,1,1,1,1,$project
10799167,card_games,set_release_ecosystems,8,7,$addFields>$project>$unwind>$match>$group>$project>$sort>$limit,$addFields,$limit,unwind_grouped,long_8_to_9,True,True,True,2,1,1,1,1,1,1,$project
10810212,european_football_2,player_profiles,7,6,$addFields>$project>$unwind>$match>$project>$sort>$limit,$addFields,$limit,unwind_filter_project,medium_6_to_7,True,False,False,2,1,1,1,0,1,1,$project
10816734,codebase_community,community_threads,7,6,$addFields>$project>$unwind>$group>$sort>$limit>$project,$addFields,$project,unwind_grouped,medium_6_to_7,True,True,True,2,0,1,1,1,1,1,$project
10821885,formula_1,race_weekends_v2,6,6,$addFields>$unwind>$group>$project>$sort>$limit,$addFields,$limit,unwind_grouped,medium_6_to_7,True,True,True,1,0,1,1,1,1,1,none
10824989,thrombosis_prediction,patient_clinical_profiles,6,5,$addFields>$addFields>$match>$project>$sort>$limit,$addFields,$limit,linear_filter_project,medium_6_to_7,False,False,False,1,1,0,2,0,1,1,$addFields
10833750,california_schools,county_equity_assessment_panels,8,7,$addFields>$project>$unwind>$match>$group>$project>$sort>$limit,$addFields,$limit,unwind_grouped,long_8_to_9,True,True,True,2,1,1,1,1,1,1,$project
10839247,formula_1,f1_actor_profiles,5,5,$match>$addFields>$sort>$limit>$project,$match,$project,linear_filter_project,short_3_to_5,False,False,False,1,1,0,1,0,1,1,none
10855898,formula_1,race_weekends_v2,6,5,$project>$unwind>$group>$project>$sort>$limit,$project,$limit,unwind_grouped,medium_6_to_7,True,True,True,2,0,1,0,1,1,1,$project
10861275,thrombosis_prediction,measurement_code_bags,7,7,$addFields>$unwind>$match>$group>$sort>$limit>$project,$addFields,$project,unwind_grouped,medium_6_to_7,True,True,True,1,1,1,1,1,1,1,none
10879728,superhero,hero_dossiers,7,6,$addFields>$project>$unwind>$group>$project>$sort>$limit,$addFields,$limit,unwind_grouped,medium_6_to_7,True,True,True,2,0,1,1,1,1,1,$project
10918606,formula_1,race_weekends_v2,10,7,$addFields>$project>$unwind>$unwind>$match>$group>$match>$sort>$limit>$project,$addFields,$project,multi_unwind_grouped,very_long_10_plus,True,True,True,2,2,2,1,1,1,1,$match+$project+$unwind
10920488,superhero,ability_catalog,7,7,$addFields>$unwind>$match>$group>$project>$sort>$limit,$addFields,$limit,unwind_grouped,medium_6_to_7,True,True,True,1,1,1,1,1,1,1,none
10935526,debit_card_specializing,fuel_station_market_catalog,5,5,$addFields>$match>$project>$sort>$limit,$addFields,$limit,linear_filter_project,short_3_to_5,False,False,False,1,1,0,1,0,1,1,none
10949552,thrombosis_prediction,measurement_code_bags,5,5,$addFields>$match>$sort>$limit>$project,$addFields,$project,linear_filter_project,short_3_to_5,False,False,False,1,1,0,1,0,1,1,none
10963501,formula_1,race_weekends_v2,8,7,$addFields>$project>$unwind>$match>$group>$project>$sort>$limit,$addFields,$limit,unwind_grouped,long_8_to_9,True,True,True,2,1,1,1,1,1,1,$project
11019752,student_club,club_event_plans_v2,6,5,$project>$unwind>$match>$project>$sort>$limit,$project,$limit,unwind_filter_project,medium_6_to_7,True,False,False,2,1,1,0,0,1,1,$project
11037986,debit_card_specializing,fuel_product_payment_timeline,6,5,$project>$unwind>$match>$project>$sort>$limit,$project,$limit,unwind_filter_project,medium_6_to_7,True,False,False,2,1,1,0,0,1,1,$project
11040212,card_games,card_print_dossiers,10,7,$addFields>$project>$unwind>$unwind>$match>$group>$match>$sort>$limit>$project,$addFields,$project,multi_unwind_grouped,very_long_10_plus,True,True,True,2,2,2,1,1,1,1,$match+$project+$unwind
11045986,debit_card_specializing,fuel_station_market_catalog,8,7,$addFields>$project>$unwind>$match>$group>$sort>$limit>$project,$addFields,$project,unwind_grouped,long_8_to_9,True,True,True,2,1,1,1,1,1,1,$project
11048761,student_club,club_member_accounts_v2,8,7,$addFields>$project>$unwind>$match>$group>$project>$sort>$limit,$addFields,$limit,unwind_grouped,long_8_to_9,True,True,True,2,1,1,1,1,1,1,$project
11051238,codebase_community,community_threads,7,6,$addFields>$project>$unwind>$group>$project>$sort>$limit,$addFields,$limit,unwind_grouped,medium_6_to_7,True,True,True,2,0,1,1,1,1,1,$project
11056010,toxicology,molecule_graphs,7,6,$addFields>$project>$unwind>$group>$sort>$limit>$project,$addFields,$project,unwind_grouped,medium_6_to_7,True,True,True,2,0,1,1,1,1,1,$project
11067982,card_games,card_print_dossiers,8,7,$addFields>$project>$unwind>$match>$group>$project>$sort>$limit,$addFields,$limit,unwind_grouped,long_8_to_9,True,True,True,2,1,1,1,1,1,1,$project
11084758,thrombosis_prediction,patient_clinical_profiles,8,7,$addFields>$project>$unwind>$match>$group>$project>$sort>$limit,$addFields,$limit,unwind_grouped,long_8_to_9,True,True,True,2,1,1,1,1,1,1,$project
11097088,financial,party_relationship_graphs,6,5,$addFields>$project>$match>$sort>$limit>$project,$addFields,$project,enrich_filter_project,medium_6_to_7,False,False,False,2,1,0,1,0,1,1,$project
11103567,california_schools,county_equity_assessment_panels,6,5,$project>$unwind>$group>$project>$sort>$limit,$project,$limit,unwind_grouped,medium_6_to_7,True,True,True,2,0,1,0,1,1,1,$project
11111730,toxicology,molecule_graphs,5,5,$addFields>$match>$project>$sort>$limit,$addFields,$limit,linear_filter_project,short_3_to_5,False,False,False,1,1,0,1,0,1,1,none
11114321,superhero,ability_catalog,7,6,$project>$unwind>$match>$group>$project>$sort>$limit,$project,$limit,unwind_grouped,medium_6_to_7,True,True,True,2,1,1,0,1,1,1,$project
11114782,european_football_2,league_season_buckets,7,6,$addFields>$project>$unwind>$match>$project>$sort>$limit,$addFields,$limit,unwind_filter_project,medium_6_to_7,True,False,False,2,1,1,1,0,1,1,$project
11130947,formula_1,race_weekends_v2,8,6,$addFields>$project>$unwind>$addFields>$group>$sort>$limit>$project,$addFields,$project,unwind_grouped,long_8_to_9,True,True,True,2,0,1,2,1,1,1,$addFields+$project
11134219,student_club,club_event_plans_v2,9,7,$addFields>$project>$unwind>$match>$group>$match>$sort>$limit>$project,$addFields,$project,unwind_grouped,long_8_to_9,True,True,True,2,2,1,1,1,1,1,$match+$project
11135470,toxicology,molecule_graphs,8,6,$unwind>$addFields>$project>$unwind>$group>$project>$sort>$limit,$unwind,$limit,multi_unwind_grouped,long_8_to_9,True,True,True,2,0,2,1,1,1,1,$project+$unwind
11147001,toxicology,molecule_graphs,8,6,$unwind>$addFields>$addFields>$unwind>$match>$project>$sort>$limit,$unwind,$limit,unwind_filter_project,long_8_to_9,True,False,False,1,1,2,2,0,1,1,$addFields+$unwind
11178865,california_schools,county_equity_assessment_panels,5,5,$addFields>$project>$match>$sort>$limit,$addFields,$limit,linear_filter_project,short_3_to_5,False,False,False,1,1,0,1,0,1,1,none
11199048,student_club,club_event_plans_v2,9,7,$addFields>$project>$unwind>$match>$group>$match>$sort>$limit>$project,$addFields,$project,unwind_grouped,long_8_to_9,True,True,True,2,2,1,1,1,1,1,$match+$project
11203087,formula_1,f1_actor_profiles,6,5,$project>$unwind>$group>$project>$sort>$limit,$project,$limit,unwind_grouped,medium_6_to_7,True,True,True,2,0,1,0,1,1,1,$project
11215004,toxicology,molecule_graphs,8,6,$unwind>$addFields>$project>$unwind>$group>$project>$sort>$limit,$unwind,$limit,multi_unwind_grouped,long_8_to_9,True,True,True,2,0,2,1,1,1,1,$project+$unwind
11218922,thrombosis_prediction,patient_clinical_profiles,7,5,$addFields>$addFields>$match>$project>$sort>$limit>$project,$addFields,$project,enrich_filter_project,medium_6_to_7,False,False,False,2,1,0,2,0,1,1,$addFields+$project
11247034,superhero,publisher_universes,9,7,$unwind>$addFields>$project>$unwind>$match>$group>$sort>$limit>$project,$unwind,$project,multi_unwind_grouped,long_8_to_9,True,True,True,2,1,2,1,1,1,1,$project+$unwind
11253255,debit_card_specializing,fuel_customer_spend_profiles,7,6,$addFields>$project>$unwind>$group>$sort>$limit>$project,$addFields,$project,unwind_grouped,medium_6_to_7,True,True,True,2,0,1,1,1,1,1,$project
11266489,codebase_community,user_reputation_profiles,6,5,$addFields>$addFields>$match>$sort>$project>$limit,$addFields,$limit,linear_filter_project,medium_6_to_7,False,False,False,1,1,0,2,0,1,1,$addFields
11268057,card_games,card_print_dossiers,9,5,$addFields>$addFields>$addFields>$addFields>$match>$sort>$limit>$addFields>$project,$addFields,$project,linear_filter_project,long_8_to_9,False,False,False,1,1,0,5,0,1,1,$addFields
11274546,european_football_2,player_profiles,8,7,$addFields>$project>$unwind>$match>$group>$project>$sort>$limit,$addFields,$limit,unwind_grouped,long_8_to_9,True,True,True,2,1,1,1,1,1,1,$project
11275495,financial,account_ledgers,9,7,$addFields>$project>$unwind>$match>$group>$match>$sort>$limit>$project,$addFields,$project,unwind_grouped,long_8_to_9,True,True,True,2,2,1,1,1,1,1,$match+$project
11311064,toxicology,molecule_graphs,5,5,$addFields>$match>$project>$sort>$limit,$addFields,$limit,linear_filter_project,short_3_to_5,False,False,False,1,1,0,1,0,1,1,none
11335372,european_football_2,match_documents,7,5,$addFields>$addFields>$match>$addFields>$project>$sort>$limit,$addFields,$limit,linear_filter_project,medium_6_to_7,False,False,False,1,1,0,3,0,1,1,$addFields
11345478,formula_1,f1_actor_profiles,6,5,$match>$addFields>$match>$sort>$limit>$project,$match,$project,linear_filter_project,medium_6_to_7,False,False,False,1,2,0,1,0,1,1,$match
11353738,debit_card_specializing,fuel_station_market_catalog,5,5,$addFields>$match>$project>$sort>$limit,$addFields,$limit,linear_filter_project,short_3_to_5,False,False,False,1,1,0,1,0,1,1,none
11362665,european_football_2,player_profiles,9,7,$addFields>$project>$unwind>$unwind>$match>$group>$sort>$limit>$project,$addFields,$project,multi_unwind_grouped,long_8_to_9,True,True,True,2,1,2,1,1,1,1,$project+$unwind
11363006,thrombosis_prediction,patient_clinical_profiles,7,6,$addFields>$project>$unwind>$match>$project>$sort>$limit,$addFields,$limit,unwind_filter_project,medium_6_to_7,True,False,False,2,1,1,1,0,1,1,$project
11381427,superhero,hero_dossiers,5,5,$addFields>$project>$match>$sort>$limit,$addFields,$limit,linear_filter_project,short_3_to_5,False,False,False,1,1,0,1,0,1,1,none
11386648,student_club,club_member_accounts_v2,7,6,$addFields>$project>$unwind>$group>$sort>$limit>$project,$addFields,$project,unwind_grouped,medium_6_to_7,True,True,True,2,0,1,1,1,1,1,$project
11386698,california_schools,county_equity_assessment_panels,8,7,$addFields>$project>$unwind>$match>$group>$project>$sort>$limit,$addFields,$limit,unwind_grouped,long_8_to_9,True,True,True,2,1,1,1,1,1,1,$project
11396025,superhero,hero_dossiers,7,6,$addFields>$project>$unwind>$group>$sort>$limit>$project,$addFields,$project,unwind_grouped,medium_6_to_7,True,True,True,2,0,1,1,1,1,1,$project
11412509,toxicology,molecule_graphs,9,7,$unwind>$addFields>$project>$unwind>$match>$group>$project>$sort>$limit,$unwind,$limit,multi_unwind_grouped,long_8_to_9,True,True,True,2,1,2,1,1,1,1,$project+$unwind
11414631,thrombosis_prediction,measurement_code_bags,7,6,$addFields>$project>$unwind>$match>$project>$sort>$limit,$addFields,$limit,unwind_filter_project,medium_6_to_7,True,False,False,2,1,1,1,0,1,1,$project
11431044,thrombosis_prediction,patient_clinical_profiles,9,6,$addFields>$unwind>$match>$unwind>$addFields>$unwind>$project>$sort>$limit,$addFields,$limit,unwind_filter_project,long_8_to_9,True,False,False,1,1,3,2,0,1,1,$addFields+$unwind
11445605,thrombosis_prediction,patient_clinical_profiles,5,4,$project>$unwind>$group>$project>$sort,$project,$sort,unwind_grouped,short_3_to_5,True,True,True,2,0,1,0,1,1,0,$project
11475854,debit_card_specializing,fuel_product_payment_timeline,7,6,$addFields>$project>$unwind>$match>$project>$sort>$limit,$addFields,$limit,unwind_filter_project,medium_6_to_7,True,False,False,2,1,1,1,0,1,1,$project
11488530,california_schools,county_equity_assessment_panels,8,6,$addFields>$addFields>$project>$unwind>$group>$project>$sort>$limit,$addFields,$limit,unwind_grouped,long_8_to_9,True,True,True,2,0,1,2,1,1,1,$addFields+$project
11500484,formula_1,race_weekends_v2,7,6,$addFields>$project>$unwind>$match>$project>$sort>$limit,$addFields,$limit,unwind_filter_project,medium_6_to_7,True,False,False,2,1,1,1,0,1,1,$project
11517522,card_games,set_release_ecosystems,8,7,$addFields>$project>$unwind>$match>$group>$project>$sort>$limit,$addFields,$limit,unwind_grouped,long_8_to_9,True,True,True,2,1,1,1,1,1,1,$project
11534392,california_schools,district_rollups,7,5,$addFields>$project>$match>$addFields>$project>$sort>$limit,$addFields,$limit,enrich_filter_project,medium_6_to_7,False,False,False,2,1,0,2,0,1,1,$addFields+$project
11537446,student_club,club_event_plans_v2,6,5,$addFields>$project>$match>$sort>$limit>$project,$addFields,$project,enrich_filter_project,medium_6_to_7,False,False,False,2,1,0,1,0,1,1,$project
11548754,formula_1,f1_actor_profiles,5,5,$addFields>$match>$project>$sort>$limit,$addFields,$limit,linear_filter_project,short_3_to_5,False,False,False,1,1,0,1,0,1,1,none
11556494,financial,account_ledgers,8,7,$addFields>$addFields>$unwind>$match>$group>$project>$sort>$limit,$addFields,$limit,unwind_grouped,long_8_to_9,True,True,True,1,1,1,2,1,1,1,$addFields
11564808,student_club,club_event_plans_v2,5,5,$addFields>$match>$project>$sort>$limit,$addFields,$limit,linear_filter_project,short_3_to_5,False,False,False,1,1,0,1,0,1,1,none
11571227,debit_card_specializing,fuel_product_payment_timeline,8,6,$addFields>$addFields>$unwind>$addFields>$group>$project>$sort>$limit,$addFields,$limit,unwind_grouped,long_8_to_9,True,True,True,1,0,1,3,1,1,1,$addFields
11587747,european_football_2,team_profiles,9,7,$addFields>$project>$unwind>$match>$group>$match>$sort>$limit>$project,$addFields,$project,unwind_grouped,long_8_to_9,True,True,True,2,2,1,1,1,1,1,$match+$project
11595271,european_football_2,player_profiles,7,6,$addFields>$project>$unwind>$group>$project>$sort>$limit,$addFields,$limit,unwind_grouped,medium_6_to_7,True,True,True,2,0,1,1,1,1,1,$project
11598089,california_schools,district_rollups,5,5,$addFields>$match>$project>$sort>$limit,$addFields,$limit,linear_filter_project,short_3_to_5,False,False,False,1,1,0,1,0,1,1,none
11604462,debit_card_specializing,fuel_station_market_catalog,7,5,$addFields>$project>$match>$addFields>$project>$sort>$limit,$addFields,$limit,enrich_filter_project,medium_6_to_7,False,False,False,2,1,0,2,0,1,1,$addFields+$project
11610847,card_games,card_print_dossiers,8,7,$addFields>$project>$unwind>$match>$group>$project>$sort>$limit,$addFields,$limit,unwind_grouped,long_8_to_9,True,True,True,2,1,1,1,1,1,1,$project
11637682,toxicology,molecule_graphs,6,6,$match>$addFields>$group>$project>$sort>$limit,$match,$limit,group_without_unwind,medium_6_to_7,False,True,False,1,1,0,1,1,1,1,none
11664997,card_games,set_release_ecosystems,8,7,$addFields>$project>$unwind>$match>$group>$sort>$limit>$project,$addFields,$project,unwind_grouped,long_8_to_9,True,True,True,2,1,1,1,1,1,1,$project
11674973,student_club,club_member_accounts_v2,7,6,$addFields>$project>$unwind>$match>$project>$sort>$limit,$addFields,$limit,unwind_filter_project,medium_6_to_7,True,False,False,2,1,1,1,0,1,1,$project
11678428,formula_1,race_weekends_v2,8,6,$addFields>$unwind>$match>$addFields>$match>$project>$sort>$limit,$addFields,$limit,unwind_filter_project,long_8_to_9,True,False,False,1,2,1,2,0,1,1,$addFields+$match
11681204,student_club,club_event_plans_v2,7,6,$addFields>$project>$unwind>$group>$project>$sort>$limit,$addFields,$limit,unwind_grouped,medium_6_to_7,True,True,True,2,0,1,1,1,1,1,$project
11684408,european_football_2,league_season_buckets,8,6,$addFields>$project>$unwind>$addFields>$group>$sort>$limit>$project,$addFields,$project,unwind_grouped,long_8_to_9,True,True,True,2,0,1,2,1,1,1,$addFields+$project
11689979,superhero,publisher_universes,8,6,$unwind>$project>$addFields>$unwind>$group>$project>$sort>$limit,$unwind,$limit,multi_unwind_grouped,long_8_to_9,True,True,True,2,0,2,1,1,1,1,$project+$unwind
11725138,formula_1,race_weekends_v2,7,6,$addFields>$project>$unwind>$match>$project>$sort>$limit,$addFields,$limit,unwind_filter_project,medium_6_to_7,True,False,False,2,1,1,1,0,1,1,$project
11735610,student_club,club_member_accounts_v2,7,6,$addFields>$project>$unwind>$match>$project>$sort>$limit,$addFields,$limit,unwind_filter_project,medium_6_to_7,True,False,False,2,1,1,1,0,1,1,$project
11779514,thrombosis_prediction,diagnosis_risk_panels,7,6,$addFields>$project>$unwind>$match>$project>$sort>$limit,$addFields,$limit,unwind_filter_project,medium_6_to_7,True,False,False,2,1,1,1,0,1,1,$project
11782385,financial,district_market_contexts,6,5,$addFields>$project>$match>$project>$sort>$limit,$addFields,$limit,enrich_filter_project,medium_6_to_7,False,False,False,2,1,0,1,0,1,1,$project
11785584,european_football_2,player_profiles,6,5,$addFields>$project>$match>$sort>$limit>$project,$addFields,$project,enrich_filter_project,medium_6_to_7,False,False,False,2,1,0,1,0,1,1,$project
11794826,debit_card_specializing,fuel_product_payment_timeline,10,7,$addFields>$project>$unwind>$unwind>$match>$group>$match>$sort>$limit>$project,$addFields,$project,multi_unwind_grouped,very_long_10_plus,True,True,True,2,2,2,1,1,1,1,$match+$project+$unwind
11805318,card_games,card_print_dossiers,10,7,$addFields>$project>$unwind>$unwind>$match>$group>$match>$sort>$limit>$project,$addFields,$project,multi_unwind_grouped,very_long_10_plus,True,True,True,2,2,2,1,1,1,1,$match+$project+$unwind
11822981,codebase_community,user_reputation_profiles,7,6,$addFields>$project>$unwind>$match>$project>$sort>$limit,$addFields,$limit,unwind_filter_project,medium_6_to_7,True,False,False,2,1,1,1,0,1,1,$project
11827537,student_club,club_event_plans_v2,6,5,$project>$unwind>$match>$project>$sort>$limit,$project,$limit,unwind_filter_project,medium_6_to_7,True,False,False,2,1,1,0,0,1,1,$project
11829968,european_football_2,team_profiles,6,5,$project>$unwind>$group>$sort>$limit>$project,$project,$project,unwind_grouped,medium_6_to_7,True,True,True,2,0,1,0,1,1,1,$project
11836206,california_schools,school_profiles,8,7,$addFields>$project>$unwind>$match>$group>$project>$sort>$limit,$addFields,$limit,unwind_grouped,long_8_to_9,True,True,True,2,1,1,1,1,1,1,$project
11836396,california_schools,district_rollups,8,7,$addFields>$project>$unwind>$match>$group>$project>$sort>$limit,$addFields,$limit,unwind_grouped,long_8_to_9,True,True,True,2,1,1,1,1,1,1,$project
11846251,superhero,ability_catalog,8,6,$addFields>$project>$unwind>$match>$project>$sort>$limit>$project,$addFields,$project,unwind_filter_project,long_8_to_9,True,False,False,3,1,1,1,0,1,1,$project
11854799,california_schools,district_rollups,8,7,$addFields>$project>$unwind>$match>$group>$project>$sort>$limit,$addFields,$limit,unwind_grouped,long_8_to_9,True,True,True,2,1,1,1,1,1,1,$project
11856369,toxicology,molecule_graphs,7,7,$addFields>$unwind>$match>$group>$project>$sort>$limit,$addFields,$limit,unwind_grouped,medium_6_to_7,True,True,True,1,1,1,1,1,1,1,none
11942979,superhero,publisher_universes,7,6,$unwind>$addFields>$unwind>$match>$project>$sort>$limit,$unwind,$limit,unwind_filter_project,medium_6_to_7,True,False,False,1,1,2,1,0,1,1,$unwind
11945463,thrombosis_prediction,measurement_code_bags,7,6,$addFields>$project>$unwind>$match>$sort>$project>$limit,$addFields,$limit,unwind_filter_project,medium_6_to_7,True,False,False,2,1,1,1,0,1,1,$project
11950697,california_schools,county_equity_assessment_panels,8,7,$addFields>$project>$unwind>$match>$group>$project>$sort>$limit,$addFields,$limit,unwind_grouped,long_8_to_9,True,True,True,2,1,1,1,1,1,1,$project
11973995,student_club,club_member_accounts_v2,8,7,$addFields>$project>$unwind>$match>$group>$project>$sort>$limit,$addFields,$limit,unwind_grouped,long_8_to_9,True,True,True,2,1,1,1,1,1,1,$project
11982713,european_football_2,match_documents,6,5,$addFields>$addFields>$match>$project>$sort>$limit,$addFields,$limit,linear_filter_project,medium_6_to_7,False,False,False,1,1,0,2,0,1,1,$addFields
11998757,superhero,publisher_universes,8,7,$unwind>$addFields>$unwind>$match>$group>$sort>$limit>$project,$unwind,$project,multi_unwind_grouped,long_8_to_9,True,True,True,1,1,2,1,1,1,1,$unwind
12013849,codebase_community,community_threads,6,6,$addFields>$unwind>$match>$project>$sort>$limit,$addFields,$limit,unwind_filter_project,medium_6_to_7,True,False,False,1,1,1,1,0,1,1,none
12031847,codebase_community,tag_topic_ecosystems,5,5,$addFields>$project>$match>$sort>$limit,$addFields,$limit,linear_filter_project,short_3_to_5,False,False,False,1,1,0,1,0,1,1,none
12057331,superhero,hero_dossiers,5,5,$addFields>$match>$project>$sort>$limit,$addFields,$limit,linear_filter_project,short_3_to_5,False,False,False,1,1,0,1,0,1,1,none
12093412,card_games,card_print_dossiers,7,6,$addFields>$addFields>$match>$group>$sort>$limit>$project,$addFields,$project,group_without_unwind,medium_6_to_7,False,True,False,1,1,0,2,1,1,1,$addFields
12095022,debit_card_specializing,fuel_product_payment_timeline,4,4,$project>$match>$sort>$limit,$project,$limit,linear_filter_project,short_3_to_5,False,False,False,1,1,0,0,0,1,1,none
12153198,toxicology,molecule_graphs,8,6,$unwind>$addFields>$project>$unwind>$group>$project>$sort>$limit,$unwind,$limit,multi_unwind_grouped,long_8_to_9,True,True,True,2,0,2,1,1,1,1,$project+$unwind
12164908,codebase_community,user_reputation_profiles,8,7,$addFields>$project>$unwind>$match>$group>$project>$sort>$limit,$addFields,$limit,unwind_grouped,long_8_to_9,True,True,True,2,1,1,1,1,1,1,$project
12174324,debit_card_specializing,fuel_customer_spend_profiles,8,6,$addFields>$project>$unwind>$addFields>$group>$project>$sort>$limit,$addFields,$limit,unwind_grouped,long_8_to_9,True,True,True,2,0,1,2,1,1,1,$addFields+$project
12176016,card_games,card_print_dossiers,7,6,$addFields>$project>$unwind>$match>$project>$sort>$limit,$addFields,$limit,unwind_filter_project,medium_6_to_7,True,False,False,2,1,1,1,0,1,1,$project
12194302,formula_1,race_weekends_v2,5,5,$addFields>$project>$match>$sort>$limit,$addFields,$limit,linear_filter_project,short_3_to_5,False,False,False,1,1,0,1,0,1,1,none
12210272,california_schools,county_equity_assessment_panels,8,7,$addFields>$project>$unwind>$match>$group>$project>$sort>$limit,$addFields,$limit,unwind_grouped,long_8_to_9,True,True,True,2,1,1,1,1,1,1,$project
12212912,california_schools,school_profiles,10,7,$addFields>$project>$unwind>$unwind>$match>$group>$match>$sort>$limit>$project,$addFields,$project,multi_unwind_grouped,very_long_10_plus,True,True,True,2,2,2,1,1,1,1,$match+$project+$unwind
12225493,superhero,hero_dossiers,8,7,$addFields>$project>$unwind>$match>$group>$sort>$limit>$project,$addFields,$project,unwind_grouped,long_8_to_9,True,True,True,2,1,1,1,1,1,1,$project
12230515,formula_1,race_weekends_v2,8,7,$addFields>$project>$unwind>$match>$group>$sort>$limit>$project,$addFields,$project,unwind_grouped,long_8_to_9,True,True,True,2,1,1,1,1,1,1,$project
12242832,european_football_2,league_season_buckets,8,7,$addFields>$project>$unwind>$match>$group>$sort>$limit>$project,$addFields,$project,unwind_grouped,long_8_to_9,True,True,True,2,1,1,1,1,1,1,$project
12245622,superhero,ability_catalog,7,6,$addFields>$unwind>$match>$project>$match>$sort>$limit,$addFields,$limit,unwind_filter_project,medium_6_to_7,True,False,False,1,2,1,1,0,1,1,$match
12262746,codebase_community,user_reputation_profiles,7,6,$addFields>$project>$unwind>$match>$project>$sort>$limit,$addFields,$limit,unwind_filter_project,medium_6_to_7,True,False,False,2,1,1,1,0,1,1,$project
12267169,formula_1,race_weekends_v2,6,5,$addFields>$addFields>$match>$project>$sort>$limit,$addFields,$limit,linear_filter_project,medium_6_to_7,False,False,False,1,1,0,2,0,1,1,$addFields
12293545,thrombosis_prediction,measurement_code_bags,6,6,$addFields>$unwind>$match>$project>$sort>$limit,$addFields,$limit,unwind_filter_project,medium_6_to_7,True,False,False,1,1,1,1,0,1,1,none
12314097,codebase_community,community_threads,6,5,$addFields>$addFields>$match>$sort>$limit>$project,$addFields,$project,linear_filter_project,medium_6_to_7,False,False,False,1,1,0,2,0,1,1,$addFields
12354042,toxicology,molecule_graphs,6,6,$addFields>$match>$group>$sort>$limit>$project,$addFields,$project,group_without_unwind,medium_6_to_7,False,True,False,1,1,0,1,1,1,1,none
12360194,european_football_2,league_season_buckets,10,7,$addFields>$project>$unwind>$unwind>$match>$group>$match>$sort>$limit>$project,$addFields,$project,multi_unwind_grouped,very_long_10_plus,True,True,True,2,2,2,1,1,1,1,$match+$project+$unwind
12389344,card_games,card_print_dossiers,5,5,$addFields>$match>$project>$sort>$limit,$addFields,$limit,linear_filter_project,short_3_to_5,False,False,False,1,1,0,1,0,1,1,none
12389624,financial,account_ledgers,7,6,$addFields>$project>$unwind>$group>$sort>$limit>$project,$addFields,$project,unwind_grouped,medium_6_to_7,True,True,True,2,0,1,1,1,1,1,$project
12390506,debit_card_specializing,fuel_customer_spend_profiles,9,7,$addFields>$project>$unwind>$match>$group>$match>$sort>$limit>$project,$addFields,$project,unwind_grouped,long_8_to_9,True,True,True,2,2,1,1,1,1,1,$match+$project
12425374,thrombosis_prediction,patient_clinical_profiles,8,7,$addFields>$project>$unwind>$match>$group>$project>$sort>$limit,$addFields,$limit,unwind_grouped,long_8_to_9,True,True,True,2,1,1,1,1,1,1,$project
12439794,financial,party_relationship_graphs,8,7,$addFields>$project>$unwind>$match>$group>$project>$sort>$limit,$addFields,$limit,unwind_grouped,long_8_to_9,True,True,True,2,1,1,1,1,1,1,$project
12470854,financial,account_ledgers,8,7,$addFields>$project>$unwind>$match>$group>$project>$sort>$limit,$addFields,$limit,unwind_grouped,long_8_to_9,True,True,True,2,1,1,1,1,1,1,$project
12480590,european_football_2,player_profiles,5,5,$addFields>$match>$project>$sort>$limit,$addFields,$limit,linear_filter_project,short_3_to_5,False,False,False,1,1,0,1,0,1,1,none
12485052,card_games,card_print_dossiers,6,6,$addFields>$unwind>$match>$project>$sort>$limit,$addFields,$limit,unwind_filter_project,medium_6_to_7,True,False,False,1,1,1,1,0,1,1,none
12488946,formula_1,race_weekends_v2,9,7,$addFields>$project>$unwind>$match>$group>$match>$sort>$limit>$project,$addFields,$project,unwind_grouped,long_8_to_9,True,True,True,2,2,1,1,1,1,1,$match+$project
12506306,student_club,club_event_plans_v2,6,5,$addFields>$addFields>$match>$project>$sort>$limit,$addFields,$limit,linear_filter_project,medium_6_to_7,False,False,False,1,1,0,2,0,1,1,$addFields
12507637,toxicology,molecule_graphs,8,6,$unwind>$addFields>$addFields>$addFields>$match>$project>$sort>$limit,$unwind,$limit,unwind_filter_project,long_8_to_9,True,False,False,1,1,1,3,0,1,1,$addFields
12535503,student_club,club_member_accounts_v2,5,5,$addFields>$match>$sort>$project>$limit,$addFields,$limit,linear_filter_project,short_3_to_5,False,False,False,1,1,0,1,0,1,1,none
12553338,california_schools,county_equity_assessment_panels,8,7,$addFields>$project>$unwind>$match>$group>$project>$sort>$limit,$addFields,$limit,unwind_grouped,long_8_to_9,True,True,True,2,1,1,1,1,1,1,$project
12556409,formula_1,f1_actor_profiles,5,5,$match>$addFields>$project>$sort>$limit,$match,$limit,linear_filter_project,short_3_to_5,False,False,False,1,1,0,1,0,1,1,none
12565900,codebase_community,user_reputation_profiles,5,5,$addFields>$project>$match>$sort>$limit,$addFields,$limit,linear_filter_project,short_3_to_5,False,False,False,1,1,0,1,0,1,1,none
12580034,superhero,ability_catalog,6,5,$addFields>$addFields>$match>$project>$sort>$limit,$addFields,$limit,linear_filter_project,medium_6_to_7,False,False,False,1,1,0,2,0,1,1,$addFields
12645564,student_club,club_event_plans_v2,8,7,$addFields>$project>$unwind>$match>$group>$project>$sort>$limit,$addFields,$limit,unwind_grouped,long_8_to_9,True,True,True,2,1,1,1,1,1,1,$project
12650922,debit_card_specializing,fuel_customer_spend_profiles,6,5,$addFields>$project>$match>$project>$sort>$limit,$addFields,$limit,enrich_filter_project,medium_6_to_7,False,False,False,2,1,0,1,0,1,1,$project
12652818,financial,account_ledgers,9,8,$addFields>$project>$unwind>$match>$group>$replaceRoot>$match>$sort>$limit,$addFields,$limit,unwind_grouped,long_8_to_9,True,True,True,1,2,1,1,1,1,1,$match
12696145,codebase_community,community_threads,7,5,$addFields>$addFields>$addFields>$match>$sort>$limit>$project,$addFields,$project,linear_filter_project,medium_6_to_7,False,False,False,1,1,0,3,0,1,1,$addFields
12715094,formula_1,race_weekends_v2,8,7,$addFields>$project>$unwind>$match>$group>$sort>$limit>$project,$addFields,$project,unwind_grouped,long_8_to_9,True,True,True,2,1,1,1,1,1,1,$project
12736200,codebase_community,community_threads,9,7,$addFields>$project>$unwind>$match>$group>$match>$sort>$limit>$project,$addFields,$project,unwind_grouped,long_8_to_9,True,True,True,2,2,1,1,1,1,1,$match+$project
12774048,european_football_2,league_season_buckets,7,5,$addFields>$addFields>$addFields>$match>$project>$sort>$limit,$addFields,$limit,linear_filter_project,medium_6_to_7,False,False,False,1,1,0,3,0,1,1,$addFields
12784428,card_games,set_release_ecosystems,5,5,$addFields>$match>$project>$sort>$limit,$addFields,$limit,linear_filter_project,short_3_to_5,False,False,False,1,1,0,1,0,1,1,none
12788039,european_football_2,league_season_buckets,6,6,$addFields>$unwind>$match>$project>$sort>$limit,$addFields,$limit,unwind_filter_project,medium_6_to_7,True,False,False,1,1,1,1,0,1,1,none
12792232,card_games,set_release_ecosystems,8,7,$addFields>$project>$unwind>$match>$group>$project>$sort>$limit,$addFields,$limit,unwind_grouped,long_8_to_9,True,True,True,2,1,1,1,1,1,1,$project
12821417,california_schools,county_equity_assessment_panels,6,5,$addFields>$project>$match>$project>$sort>$limit,$addFields,$limit,enrich_filter_project,medium_6_to_7,False,False,False,2,1,0,1,0,1,1,$project
12853434,superhero,ability_catalog,6,5,$project>$unwind>$match>$project>$sort>$limit,$project,$limit,unwind_filter_project,medium_6_to_7,True,False,False,2,1,1,0,0,1,1,$project
12856225,financial,account_ledgers,7,6,$addFields>$project>$unwind>$match>$project>$sort>$limit,$addFields,$limit,unwind_filter_project,medium_6_to_7,True,False,False,2,1,1,1,0,1,1,$project
12856845,debit_card_specializing,fuel_station_market_catalog,8,7,$addFields>$project>$unwind>$match>$group>$project>$sort>$limit,$addFields,$limit,unwind_grouped,long_8_to_9,True,True,True,2,1,1,1,1,1,1,$project
12865201,european_football_2,team_profiles,5,5,$addFields>$match>$sort>$limit>$project,$addFields,$project,linear_filter_project,short_3_to_5,False,False,False,1,1,0,1,0,1,1,none
12882653,card_games,card_print_dossiers,5,5,$addFields>$match>$project>$sort>$limit,$addFields,$limit,linear_filter_project,short_3_to_5,False,False,False,1,1,0,1,0,1,1,none
12887475,debit_card_specializing,fuel_customer_spend_profiles,9,7,$addFields>$project>$unwind>$unwind>$match>$group>$sort>$limit>$project,$addFields,$project,multi_unwind_grouped,long_8_to_9,True,True,True,2,1,2,1,1,1,1,$project+$unwind
12896188,california_schools,district_rollups,8,7,$addFields>$project>$unwind>$match>$group>$project>$sort>$limit,$addFields,$limit,unwind_grouped,long_8_to_9,True,True,True,2,1,1,1,1,1,1,$project
12903635,toxicology,molecule_graphs,9,7,$unwind>$addFields>$project>$unwind>$match>$group>$project>$sort>$limit,$unwind,$limit,multi_unwind_grouped,long_8_to_9,True,True,True,2,1,2,1,1,1,1,$project+$unwind
12917478,european_football_2,team_profiles,7,6,$addFields>$project>$unwind>$group>$sort>$limit>$project,$addFields,$project,unwind_grouped,medium_6_to_7,True,True,True,2,0,1,1,1,1,1,$project
12918072,financial,counterparty_flow_profiles,5,5,$addFields>$match>$project>$sort>$limit,$addFields,$limit,linear_filter_project,short_3_to_5,False,False,False,1,1,0,1,0,1,1,none
12921009,toxicology,molecule_graphs,6,6,$unwind>$addFields>$project>$match>$sort>$limit,$unwind,$limit,unwind_filter_project,medium_6_to_7,True,False,False,1,1,1,1,0,1,1,none
12927413,toxicology,molecule_graphs,5,5,$addFields>$project>$match>$sort>$limit,$addFields,$limit,linear_filter_project,short_3_to_5,False,False,False,1,1,0,1,0,1,1,none
12929465,thrombosis_prediction,patient_clinical_profiles,6,5,$addFields>$addFields>$match>$project>$sort>$limit,$addFields,$limit,linear_filter_project,medium_6_to_7,False,False,False,1,1,0,2,0,1,1,$addFields
12944419,california_schools,district_rollups,5,5,$addFields>$project>$match>$sort>$limit,$addFields,$limit,linear_filter_project,short_3_to_5,False,False,False,1,1,0,1,0,1,1,none
12953444,thrombosis_prediction,patient_clinical_profiles,9,6,$addFields>$project>$unwind>$match>$unwind>$match>$project>$sort>$limit,$addFields,$limit,unwind_filter_project,long_8_to_9,True,False,False,2,2,2,1,0,1,1,$match+$project+$unwind
12964384,toxicology,molecule_graphs,8,6,$unwind>$addFields>$project>$unwind>$match>$project>$sort>$limit,$unwind,$limit,unwind_filter_project,long_8_to_9,True,False,False,2,1,2,1,0,1,1,$project+$unwind
12975257,european_football_2,league_season_buckets,8,7,$addFields>$project>$unwind>$match>$group>$sort>$limit>$project,$addFields,$project,unwind_grouped,long_8_to_9,True,True,True,2,1,1,1,1,1,1,$project
13014362,formula_1,race_weekends_v2,5,5,$addFields>$match>$project>$sort>$limit,$addFields,$limit,linear_filter_project,short_3_to_5,False,False,False,1,1,0,1,0,1,1,none
13020691,toxicology,molecule_graphs,5,5,$addFields>$match>$project>$sort>$limit,$addFields,$limit,linear_filter_project,short_3_to_5,False,False,False,1,1,0,1,0,1,1,none
13034394,card_games,card_print_dossiers,6,6,$addFields>$unwind>$match>$project>$sort>$limit,$addFields,$limit,unwind_filter_project,medium_6_to_7,True,False,False,1,1,1,1,0,1,1,none
13043441,thrombosis_prediction,measurement_code_bags,9,6,$addFields>$project>$unwind>$addFields>$unwind>$group>$sort>$limit>$project,$addFields,$project,multi_unwind_grouped,long_8_to_9,True,True,True,2,0,2,2,1,1,1,$addFields+$project+$unwind
13066892,superhero,hero_dossiers,7,6,$addFields>$project>$unwind>$group>$sort>$limit>$project,$addFields,$project,unwind_grouped,medium_6_to_7,True,True,True,2,0,1,1,1,1,1,$project
13076722,superhero,publisher_universes,7,5,$unwind>$project>$unwind>$match>$project>$sort>$limit,$unwind,$limit,unwind_filter_project,medium_6_to_7,True,False,False,2,1,2,0,0,1,1,$project+$unwind
13076809,codebase_community,tag_topic_ecosystems,8,7,$addFields>$project>$unwind>$match>$group>$project>$sort>$limit,$addFields,$limit,unwind_grouped,long_8_to_9,True,True,True,2,1,1,1,1,1,1,$project
13086558,thrombosis_prediction,patient_clinical_profiles,7,6,$addFields>$project>$unwind>$group>$sort>$limit>$project,$addFields,$project,unwind_grouped,medium_6_to_7,True,True,True,2,0,1,1,1,1,1,$project
13110025,student_club,club_member_accounts_v2,8,7,$addFields>$project>$unwind>$match>$group>$sort>$limit>$project,$addFields,$project,unwind_grouped,long_8_to_9,True,True,True,2,1,1,1,1,1,1,$project
13115884,debit_card_specializing,fuel_product_payment_timeline,7,6,$addFields>$project>$unwind>$match>$project>$sort>$limit,$addFields,$limit,unwind_filter_project,medium_6_to_7,True,False,False,2,1,1,1,0,1,1,$project
13125546,formula_1,f1_actor_profiles,5,5,$match>$addFields>$sort>$limit>$project,$match,$project,linear_filter_project,short_3_to_5,False,False,False,1,1,0,1,0,1,1,none
13127076,financial,district_market_contexts,7,6,$addFields>$project>$unwind>$group>$project>$sort>$limit,$addFields,$limit,unwind_grouped,medium_6_to_7,True,True,True,2,0,1,1,1,1,1,$project
13129591,debit_card_specializing,fuel_station_market_catalog,5,4,$project>$match>$sort>$limit>$project,$project,$project,linear_filter_project,short_3_to_5,False,False,False,2,1,0,0,0,1,1,$project
13163989,superhero,ability_catalog,5,4,$project>$match>$sort>$limit>$project,$project,$project,linear_filter_project,short_3_to_5,False,False,False,2,1,0,0,0,1,1,$project
13184001,formula_1,race_weekends_v2,9,6,$addFields>$project>$unwind>$match>$unwind>$match>$project>$sort>$limit,$addFields,$limit,unwind_filter_project,long_8_to_9,True,False,False,2,2,2,1,0,1,1,$match+$project+$unwind
13190650,california_schools,county_equity_assessment_panels,8,7,$addFields>$project>$unwind>$match>$group>$project>$sort>$limit,$addFields,$limit,unwind_grouped,long_8_to_9,True,True,True,2,1,1,1,1,1,1,$project
13197366,card_games,card_print_dossiers,8,7,$addFields>$project>$unwind>$match>$group>$project>$sort>$limit,$addFields,$limit,unwind_grouped,long_8_to_9,True,True,True,2,1,1,1,1,1,1,$project
13203677,codebase_community,user_reputation_profiles,7,6,$addFields>$project>$unwind>$match>$project>$sort>$limit,$addFields,$limit,unwind_filter_project,medium_6_to_7,True,False,False,2,1,1,1,0,1,1,$project
13212451,european_football_2,player_profiles,8,6,$addFields>$project>$unwind>$addFields>$group>$sort>$limit>$project,$addFields,$project,unwind_grouped,long_8_to_9,True,True,True,2,0,1,2,1,1,1,$addFields+$project
13240462,student_club,club_member_accounts_v2,9,7,$addFields>$project>$unwind>$match>$group>$match>$sort>$limit>$project,$addFields,$project,unwind_grouped,long_8_to_9,True,True,True,2,2,1,1,1,1,1,$match+$project
13264512,debit_card_specializing,fuel_customer_spend_profiles,5,5,$addFields>$match>$project>$sort>$limit,$addFields,$limit,linear_filter_project,short_3_to_5,False,False,False,1,1,0,1,0,1,1,none
13283327,superhero,ability_catalog,6,5,$addFields>$addFields>$match>$sort>$limit>$project,$addFields,$project,linear_filter_project,medium_6_to_7,False,False,False,1,1,0,2,0,1,1,$addFields
13304538,financial,counterparty_flow_profiles,8,7,$addFields>$project>$unwind>$match>$group>$sort>$limit>$project,$addFields,$project,unwind_grouped,long_8_to_9,True,True,True,2,1,1,1,1,1,1,$project
13324359,financial,party_relationship_graphs,5,5,$addFields>$match>$project>$sort>$limit,$addFields,$limit,linear_filter_project,short_3_to_5,False,False,False,1,1,0,1,0,1,1,none
13329567,superhero,hero_dossiers,10,7,$addFields>$project>$unwind>$unwind>$match>$group>$match>$sort>$limit>$project,$addFields,$project,multi_unwind_grouped,very_long_10_plus,True,True,True,2,2,2,1,1,1,1,$match+$project+$unwind
13391957,financial,account_ledgers,6,5,$addFields>$project>$match>$project>$sort>$limit,$addFields,$limit,enrich_filter_project,medium_6_to_7,False,False,False,2,1,0,1,0,1,1,$project
13413016,toxicology,molecule_graphs,8,6,$unwind>$addFields>$project>$unwind>$group>$project>$sort>$limit,$unwind,$limit,multi_unwind_grouped,long_8_to_9,True,True,True,2,0,2,1,1,1,1,$project+$unwind
13458229,student_club,club_event_plans_v2,8,7,$addFields>$project>$unwind>$match>$group>$project>$sort>$limit,$addFields,$limit,unwind_grouped,long_8_to_9,True,True,True,2,1,1,1,1,1,1,$project
13479234,superhero,publisher_universes,7,5,$unwind>$project>$unwind>$match>$project>$sort>$limit,$unwind,$limit,unwind_filter_project,medium_6_to_7,True,False,False,2,1,2,0,0,1,1,$project+$unwind
13509130,california_schools,county_equity_assessment_panels,8,7,$addFields>$project>$unwind>$match>$group>$project>$sort>$limit,$addFields,$limit,unwind_grouped,long_8_to_9,True,True,True,2,1,1,1,1,1,1,$project
13511020,california_schools,district_rollups,8,7,$addFields>$project>$unwind>$match>$group>$project>$sort>$limit,$addFields,$limit,unwind_grouped,long_8_to_9,True,True,True,2,1,1,1,1,1,1,$project
13533732,thrombosis_prediction,measurement_code_bags,7,6,$addFields>$project>$unwind>$group>$project>$sort>$limit,$addFields,$limit,unwind_grouped,medium_6_to_7,True,True,True,2,0,1,1,1,1,1,$project
13535844,toxicology,molecule_graphs,9,7,$unwind>$addFields>$project>$unwind>$match>$group>$project>$sort>$limit,$unwind,$limit,multi_unwind_grouped,long_8_to_9,True,True,True,2,1,2,1,1,1,1,$project+$unwind
13552140,debit_card_specializing,fuel_customer_spend_profiles,5,4,$project>$unwind>$match>$group>$project,$project,$project,unwind_grouped,short_3_to_5,True,True,True,2,1,1,0,1,0,0,$project
13560070,debit_card_specializing,fuel_station_market_catalog,6,5,$project>$unwind>$match>$project>$sort>$limit,$project,$limit,unwind_filter_project,medium_6_to_7,True,False,False,2,1,1,0,0,1,1,$project
13569929,toxicology,molecule_graphs,7,6,$addFields>$project>$unwind>$match>$project>$sort>$limit,$addFields,$limit,unwind_filter_project,medium_6_to_7,True,False,False,2,1,1,1,0,1,1,$project
13574029,european_football_2,player_profiles,10,7,$addFields>$project>$unwind>$unwind>$match>$group>$match>$sort>$limit>$project,$addFields,$project,multi_unwind_grouped,very_long_10_plus,True,True,True,2,2,2,1,1,1,1,$match+$project+$unwind
13586426,european_football_2,league_season_buckets,10,7,$addFields>$project>$unwind>$unwind>$match>$group>$match>$sort>$limit>$project,$addFields,$project,multi_unwind_grouped,very_long_10_plus,True,True,True,2,2,2,1,1,1,1,$match+$project+$unwind
13589694,thrombosis_prediction,diagnosis_risk_panels,5,5,$addFields>$match>$sort>$project>$limit,$addFields,$limit,linear_filter_project,short_3_to_5,False,False,False,1,1,0,1,0,1,1,none
13617381,card_games,set_release_ecosystems,8,7,$addFields>$project>$unwind>$match>$group>$project>$sort>$limit,$addFields,$limit,unwind_grouped,long_8_to_9,True,True,True,2,1,1,1,1,1,1,$project
13627903,toxicology,molecule_graphs,9,7,$unwind>$addFields>$project>$unwind>$match>$group>$sort>$limit>$project,$unwind,$project,multi_unwind_grouped,long_8_to_9,True,True,True,2,1,2,1,1,1,1,$project+$unwind
13629783,student_club,club_member_accounts_v2,8,7,$addFields>$project>$unwind>$match>$group>$project>$sort>$limit,$addFields,$limit,unwind_grouped,long_8_to_9,True,True,True,2,1,1,1,1,1,1,$project
13636901,formula_1,race_weekends_v2,6,5,$addFields>$addFields>$match>$project>$sort>$limit,$addFields,$limit,linear_filter_project,medium_6_to_7,False,False,False,1,1,0,2,0,1,1,$addFields
13656692,thrombosis_prediction,diagnosis_risk_panels,6,5,$addFields>$addFields>$match>$sort>$limit>$project,$addFields,$project,linear_filter_project,medium_6_to_7,False,False,False,1,1,0,2,0,1,1,$addFields
13704283,superhero,hero_dossiers,8,7,$addFields>$project>$unwind>$match>$group>$project>$sort>$limit,$addFields,$limit,unwind_grouped,long_8_to_9,True,True,True,2,1,1,1,1,1,1,$project
13710772,california_schools,county_equity_assessment_panels,8,7,$addFields>$project>$unwind>$match>$group>$sort>$limit>$project,$addFields,$project,unwind_grouped,long_8_to_9,True,True,True,2,1,1,1,1,1,1,$project
13731245,codebase_community,user_reputation_profiles,8,6,$addFields>$project>$unwind>$match>$project>$sort>$limit>$project,$addFields,$project,unwind_filter_project,long_8_to_9,True,False,False,3,1,1,1,0,1,1,$project
13754006,european_football_2,player_profiles,8,6,$addFields>$project>$unwind>$addFields>$group>$sort>$limit>$project,$addFields,$project,unwind_grouped,long_8_to_9,True,True,True,2,0,1,2,1,1,1,$addFields+$project
13766151,financial,district_market_contexts,8,7,$addFields>$project>$unwind>$match>$group>$project>$sort>$limit,$addFields,$limit,unwind_grouped,long_8_to_9,True,True,True,2,1,1,1,1,1,1,$project
13772098,thrombosis_prediction,measurement_code_bags,8,7,$addFields>$project>$unwind>$match>$group>$project>$sort>$limit,$addFields,$limit,unwind_grouped,long_8_to_9,True,True,True,2,1,1,1,1,1,1,$project
13778878,financial,party_relationship_graphs,5,5,$addFields>$match>$project>$sort>$limit,$addFields,$limit,linear_filter_project,short_3_to_5,False,False,False,1,1,0,1,0,1,1,none
13789078,debit_card_specializing,fuel_customer_spend_profiles,9,7,$addFields>$project>$unwind>$match>$group>$addFields>$sort>$limit>$project,$addFields,$project,unwind_grouped,long_8_to_9,True,True,True,2,1,1,2,1,1,1,$addFields+$project
13798419,debit_card_specializing,fuel_product_payment_timeline,10,7,$addFields>$project>$unwind>$unwind>$match>$group>$match>$sort>$limit>$project,$addFields,$project,multi_unwind_grouped,very_long_10_plus,True,True,True,2,2,2,1,1,1,1,$match+$project+$unwind
13806349,california_schools,school_profiles,8,6,$addFields>$project>$unwind>$addFields>$group>$project>$sort>$limit,$addFields,$limit,unwind_grouped,long_8_to_9,True,True,True,2,0,1,2,1,1,1,$addFields+$project
13815017,toxicology,molecule_graphs,9,7,$unwind>$addFields>$project>$unwind>$match>$group>$project>$sort>$limit,$unwind,$limit,multi_unwind_grouped,long_8_to_9,True,True,True,2,1,2,1,1,1,1,$project+$unwind
13830806,financial,district_market_contexts,6,5,$addFields>$project>$unwind>$group>$project>$sort,$addFields,$sort,unwind_grouped,medium_6_to_7,True,True,True,2,0,1,1,1,1,0,$project
13834721,card_games,card_print_dossiers,8,7,$addFields>$project>$unwind>$match>$group>$project>$sort>$limit,$addFields,$limit,unwind_grouped,long_8_to_9,True,True,True,2,1,1,1,1,1,1,$project
13851039,debit_card_specializing,fuel_customer_spend_profiles,8,7,$addFields>$project>$unwind>$match>$group>$sort>$limit>$project,$addFields,$project,unwind_grouped,long_8_to_9,True,True,True,2,1,1,1,1,1,1,$project
13851587,european_football_2,league_season_buckets,9,6,$addFields>$project>$unwind>$addFields>$addFields>$group>$project>$sort>$limit,$addFields,$limit,unwind_grouped,long_8_to_9,True,True,True,2,0,1,3,1,1,1,$addFields+$project
13882153,thrombosis_prediction,patient_clinical_profiles,6,5,$addFields>$addFields>$match>$project>$sort>$limit,$addFields,$limit,linear_filter_project,medium_6_to_7,False,False,False,1,1,0,2,0,1,1,$addFields
13899656,superhero,publisher_universes,12,7,$unwind>$addFields>$project>$unwind>$project>$unwind>$unwind>$match>$group>$sort>$limit>$project,$unwind,$project,multi_unwind_grouped,very_long_10_plus,True,True,True,3,1,4,1,1,1,1,$project+$unwind
13961820,debit_card_specializing,fuel_station_market_catalog,7,6,$addFields>$project>$unwind>$match>$project>$sort>$limit,$addFields,$limit,unwind_filter_project,medium_6_to_7,True,False,False,2,1,1,1,0,1,1,$project
13966936,codebase_community,community_threads,7,5,$addFields>$project>$match>$project>$sort>$limit>$project,$addFields,$project,enrich_filter_project,medium_6_to_7,False,False,False,3,1,0,1,0,1,1,$project
13977592,formula_1,race_weekends_v2,8,7,$addFields>$project>$unwind>$match>$group>$sort>$limit>$project,$addFields,$project,unwind_grouped,long_8_to_9,True,True,True,2,1,1,1,1,1,1,$project
14002589,codebase_community,community_threads,6,6,$addFields>$unwind>$match>$project>$sort>$limit,$addFields,$limit,unwind_filter_project,medium_6_to_7,True,False,False,1,1,1,1,0,1,1,none
14039816,debit_card_specializing,fuel_station_market_catalog,7,6,$addFields>$project>$unwind>$match>$project>$sort>$limit,$addFields,$limit,unwind_filter_project,medium_6_to_7,True,False,False,2,1,1,1,0,1,1,$project
14047888,european_football_2,player_profiles,8,6,$addFields>$unwind>$addFields>$addFields>$group>$sort>$limit>$project,$addFields,$project,unwind_grouped,long_8_to_9,True,True,True,1,0,1,3,1,1,1,$addFields
14104287,student_club,club_event_plans_v2,7,6,$addFields>$project>$unwind>$group>$project>$sort>$limit,$addFields,$limit,unwind_grouped,medium_6_to_7,True,True,True,2,0,1,1,1,1,1,$project
14105433,formula_1,race_weekends_v2,9,7,$addFields>$project>$unwind>$unwind>$match>$group>$match>$sort>$limit,$addFields,$limit,multi_unwind_grouped,long_8_to_9,True,True,True,1,2,2,1,1,1,1,$match+$unwind
14137452,card_games,card_print_dossiers,7,6,$addFields>$project>$unwind>$match>$project>$sort>$limit,$addFields,$limit,unwind_filter_project,medium_6_to_7,True,False,False,2,1,1,1,0,1,1,$project
14146807,european_football_2,match_documents,6,5,$addFields>$addFields>$match>$project>$sort>$limit,$addFields,$limit,linear_filter_project,medium_6_to_7,False,False,False,1,1,0,2,0,1,1,$addFields
14153640,superhero,ability_catalog,6,5,$addFields>$match>$sort>$limit>$project>$project,$addFields,$project,enrich_filter_project,medium_6_to_7,False,False,False,2,1,0,1,0,1,1,$project
14153741,european_football_2,league_season_buckets,7,6,$addFields>$project>$unwind>$match>$project>$sort>$limit,$addFields,$limit,unwind_filter_project,medium_6_to_7,True,False,False,2,1,1,1,0,1,1,$project
14154708,financial,district_market_contexts,5,5,$addFields>$match>$sort>$limit>$project,$addFields,$project,linear_filter_project,short_3_to_5,False,False,False,1,1,0,1,0,1,1,none
14163354,financial,party_relationship_graphs,7,6,$addFields>$project>$unwind>$match>$group>$project>$sort,$addFields,$sort,unwind_grouped,medium_6_to_7,True,True,True,2,1,1,1,1,1,0,$project
14182106,codebase_community,community_threads,7,6,$addFields>$project>$unwind>$match>$project>$sort>$limit,$addFields,$limit,unwind_filter_project,medium_6_to_7,True,False,False,2,1,1,1,0,1,1,$project
14186043,thrombosis_prediction,diagnosis_risk_panels,6,5,$addFields>$project>$match>$project>$sort>$limit,$addFields,$limit,enrich_filter_project,medium_6_to_7,False,False,False,2,1,0,1,0,1,1,$project
14186058,codebase_community,community_threads,7,6,$addFields>$project>$unwind>$group>$sort>$limit>$project,$addFields,$project,unwind_grouped,medium_6_to_7,True,True,True,2,0,1,1,1,1,1,$project
14227029,toxicology,molecule_graphs,9,7,$unwind>$addFields>$project>$unwind>$match>$group>$project>$sort>$limit,$unwind,$limit,multi_unwind_grouped,long_8_to_9,True,True,True,2,1,2,1,1,1,1,$project+$unwind
14231698,debit_card_specializing,fuel_station_market_catalog,5,5,$addFields>$project>$match>$sort>$limit,$addFields,$limit,linear_filter_project,short_3_to_5,False,False,False,1,1,0,1,0,1,1,none
14246120,codebase_community,tag_topic_ecosystems,10,7,$addFields>$project>$unwind>$unwind>$match>$group>$match>$sort>$limit>$project,$addFields,$project,multi_unwind_grouped,very_long_10_plus,True,True,True,2,2,2,1,1,1,1,$match+$project+$unwind
14255445,student_club,club_member_accounts_v2,9,7,$addFields>$project>$unwind>$match>$group>$match>$sort>$limit>$project,$addFields,$project,unwind_grouped,long_8_to_9,True,True,True,2,2,1,1,1,1,1,$match+$project
14262505,toxicology,molecule_graphs,9,7,$unwind>$addFields>$project>$unwind>$match>$group>$project>$sort>$limit,$unwind,$limit,multi_unwind_grouped,long_8_to_9,True,True,True,2,1,2,1,1,1,1,$project+$unwind
14268403,formula_1,race_weekends_v2,5,5,$addFields>$match>$project>$sort>$limit,$addFields,$limit,linear_filter_project,short_3_to_5,False,False,False,1,1,0,1,0,1,1,none
14272192,california_schools,district_rollups,7,6,$project>$unwind>$match>$group>$project>$sort>$limit,$project,$limit,unwind_grouped,medium_6_to_7,True,True,True,2,1,1,0,1,1,1,$project
14285834,financial,account_ledgers,8,7,$addFields>$project>$unwind>$match>$group>$sort>$limit>$project,$addFields,$project,unwind_grouped,long_8_to_9,True,True,True,2,1,1,1,1,1,1,$project
14319829,student_club,club_event_plans_v2,8,7,$addFields>$project>$unwind>$match>$group>$sort>$limit>$project,$addFields,$project,unwind_grouped,long_8_to_9,True,True,True,2,1,1,1,1,1,1,$project
14368350,student_club,club_event_plans_v2,6,5,$addFields>$addFields>$match>$project>$sort>$limit,$addFields,$limit,linear_filter_project,medium_6_to_7,False,False,False,1,1,0,2,0,1,1,$addFields
14377932,superhero,hero_dossiers,9,7,$addFields>$project>$unwind>$unwind>$match>$group>$sort>$limit>$project,$addFields,$project,multi_unwind_grouped,long_8_to_9,True,True,True,2,1,2,1,1,1,1,$project+$unwind
14399256,card_games,card_print_dossiers,9,7,$addFields>$project>$unwind>$project>$match>$group>$project>$sort>$limit,$addFields,$limit,unwind_grouped,long_8_to_9,True,True,True,3,1,1,1,1,1,1,$project
14412895,formula_1,race_weekends_v2,6,5,$project>$addFields>$match>$project>$sort>$limit,$project,$limit,enrich_filter_project,medium_6_to_7,False,False,False,2,1,0,1,0,1,1,$project
14421316,debit_card_specializing,fuel_customer_spend_profiles,9,7,$addFields>$project>$unwind>$match>$group>$match>$sort>$limit>$project,$addFields,$project,unwind_grouped,long_8_to_9,True,True,True,2,2,1,1,1,1,1,$match+$project
14426991,student_club,club_event_plans_v2,5,5,$addFields>$match>$project>$sort>$limit,$addFields,$limit,linear_filter_project,short_3_to_5,False,False,False,1,1,0,1,0,1,1,none
14433902,formula_1,race_weekends_v2,8,7,$addFields>$project>$unwind>$match>$group>$sort>$limit>$project,$addFields,$project,unwind_grouped,long_8_to_9,True,True,True,2,1,1,1,1,1,1,$project
14440447,thrombosis_prediction,patient_clinical_profiles,6,5,$addFields>$project>$match>$project>$sort>$limit,$addFields,$limit,enrich_filter_project,medium_6_to_7,False,False,False,2,1,0,1,0,1,1,$project
14441868,debit_card_specializing,fuel_customer_spend_profiles,8,7,$addFields>$project>$unwind>$match>$group>$project>$sort>$limit,$addFields,$limit,unwind_grouped,long_8_to_9,True,True,True,2,1,1,1,1,1,1,$project
14447151,superhero,ability_catalog,6,5,$project>$unwind>$group>$project>$sort>$limit,$project,$limit,unwind_grouped,medium_6_to_7,True,True,True,2,0,1,0,1,1,1,$project
14466036,california_schools,county_equity_assessment_panels,11,7,$addFields>$unwind>$addFields>$project>$addFields>$unwind>$match>$group>$project>$sort>$limit,$addFields,$limit,multi_unwind_grouped,very_long_10_plus,True,True,True,2,1,2,3,1,1,1,$addFields+$project+$unwind
14467624,codebase_community,tag_topic_ecosystems,8,7,$addFields>$project>$unwind>$match>$group>$project>$sort>$limit,$addFields,$limit,unwind_grouped,long_8_to_9,True,True,True,2,1,1,1,1,1,1,$project
14472339,codebase_community,community_threads,7,6,$addFields>$project>$unwind>$group>$sort>$limit>$project,$addFields,$project,unwind_grouped,medium_6_to_7,True,True,True,2,0,1,1,1,1,1,$project
14474635,california_schools,county_equity_assessment_panels,5,4,$project>$match>$project>$sort>$limit,$project,$limit,linear_filter_project,short_3_to_5,False,False,False,2,1,0,0,0,1,1,$project
14496711,formula_1,race_weekends_v2,10,7,$addFields>$match>$unwind>$addFields>$project>$sort>$group>$sort>$limit>$project,$addFields,$project,unwind_grouped,very_long_10_plus,True,True,True,2,1,1,2,1,2,1,$addFields+$project+$sort
14504135,thrombosis_prediction,patient_clinical_profiles,7,5,$addFields>$addFields>$addFields>$match>$project>$sort>$limit,$addFields,$limit,linear_filter_project,medium_6_to_7,False,False,False,1,1,0,3,0,1,1,$addFields
14513975,codebase_community,tag_topic_ecosystems,8,7,$addFields>$project>$unwind>$match>$group>$sort>$limit>$project,$addFields,$project,unwind_grouped,long_8_to_9,True,True,True,2,1,1,1,1,1,1,$project
14515733,debit_card_specializing,fuel_product_payment_timeline,10,7,$addFields>$project>$unwind>$unwind>$match>$group>$match>$sort>$limit>$project,$addFields,$project,multi_unwind_grouped,very_long_10_plus,True,True,True,2,2,2,1,1,1,1,$match+$project+$unwind
14521374,financial,counterparty_flow_profiles,5,5,$addFields>$match>$project>$sort>$limit,$addFields,$limit,linear_filter_project,short_3_to_5,False,False,False,1,1,0,1,0,1,1,none
14531168,financial,party_relationship_graphs,8,7,$addFields>$project>$unwind>$match>$group>$project>$sort>$limit,$addFields,$limit,unwind_grouped,long_8_to_9,True,True,True,2,1,1,1,1,1,1,$project
14560357,thrombosis_prediction,diagnosis_risk_panels,5,5,$addFields>$match>$project>$sort>$limit,$addFields,$limit,linear_filter_project,short_3_to_5,False,False,False,1,1,0,1,0,1,1,none
14576176,superhero,hero_dossiers,6,5,$addFields>$addFields>$match>$project>$sort>$limit,$addFields,$limit,linear_filter_project,medium_6_to_7,False,False,False,1,1,0,2,0,1,1,$addFields
14602179,card_games,card_print_dossiers,8,7,$addFields>$project>$unwind>$match>$group>$project>$sort>$limit,$addFields,$limit,unwind_grouped,long_8_to_9,True,True,True,2,1,1,1,1,1,1,$project
14607037,formula_1,race_weekends_v2,6,5,$project>$addFields>$match>$project>$sort>$limit,$project,$limit,enrich_filter_project,medium_6_to_7,False,False,False,2,1,0,1,0,1,1,$project
14627266,european_football_2,player_profiles,6,5,$addFields>$addFields>$match>$sort>$limit>$project,$addFields,$project,linear_filter_project,medium_6_to_7,False,False,False,1,1,0,2,0,1,1,$addFields
14656369,toxicology,molecule_graphs,9,7,$unwind>$addFields>$project>$match>$group>$addFields>$project>$sort>$limit,$unwind,$limit,unwind_grouped,long_8_to_9,True,True,True,2,1,1,2,1,1,1,$addFields+$project
14656546,formula_1,race_weekends_v2,7,6,$addFields>$project>$unwind>$match>$project>$sort>$limit,$addFields,$limit,unwind_filter_project,medium_6_to_7,True,False,False,2,1,1,1,0,1,1,$project
14664032,thrombosis_prediction,patient_clinical_profiles,7,5,$addFields>$addFields>$match>$project>$sort>$limit>$project,$addFields,$project,enrich_filter_project,medium_6_to_7,False,False,False,2,1,0,2,0,1,1,$addFields+$project
14680288,debit_card_specializing,fuel_product_payment_timeline,8,7,$addFields>$project>$unwind>$match>$group>$project>$sort>$limit,$addFields,$limit,unwind_grouped,long_8_to_9,True,True,True,2,1,1,1,1,1,1,$project
14681852,toxicology,molecule_graphs,8,7,$addFields>$project>$unwind>$match>$group>$project>$sort>$limit,$addFields,$limit,unwind_grouped,long_8_to_9,True,True,True,2,1,1,1,1,1,1,$project
14703414,card_games,card_print_dossiers,7,6,$project>$match>$addFields>$group>$sort>$project>$limit,$project,$limit,group_without_unwind,medium_6_to_7,False,True,False,2,1,0,1,1,1,1,$project
14708241,codebase_community,community_threads,6,6,$addFields>$unwind>$match>$project>$sort>$limit,$addFields,$limit,unwind_filter_project,medium_6_to_7,True,False,False,1,1,1,1,0,1,1,none
14714882,toxicology,molecule_graphs,9,7,$addFields>$project>$unwind>$match>$group>$match>$sort>$limit>$project,$addFields,$project,unwind_grouped,long_8_to_9,True,True,True,2,2,1,1,1,1,1,$match+$project
14718529,formula_1,race_weekends_v2,7,6,$addFields>$project>$unwind>$match>$project>$sort>$limit,$addFields,$limit,unwind_filter_project,medium_6_to_7,True,False,False,2,1,1,1,0,1,1,$project
14729676,card_games,set_release_ecosystems,5,4,$addFields>$project>$match>$sort>$project,$addFields,$project,enrich_filter_project,short_3_to_5,False,False,False,2,1,0,1,0,1,0,$project
14737603,toxicology,molecule_graphs,6,5,$addFields>$addFields>$match>$project>$sort>$limit,$addFields,$limit,linear_filter_project,medium_6_to_7,False,False,False,1,1,0,2,0,1,1,$addFields
14737865,thrombosis_prediction,measurement_code_bags,5,4,$project>$match>$sort>$limit>$project,$project,$project,linear_filter_project,short_3_to_5,False,False,False,2,1,0,0,0,1,1,$project
14743572,california_schools,district_rollups,8,7,$addFields>$project>$unwind>$match>$group>$project>$sort>$limit,$addFields,$limit,unwind_grouped,long_8_to_9,True,True,True,2,1,1,1,1,1,1,$project
14758905,student_club,club_member_accounts_v2,7,6,$addFields>$project>$unwind>$match>$project>$sort>$limit,$addFields,$limit,unwind_filter_project,medium_6_to_7,True,False,False,2,1,1,1,0,1,1,$project
14760899,california_schools,district_rollups,6,5,$project>$unwind>$group>$project>$sort>$limit,$project,$limit,unwind_grouped,medium_6_to_7,True,True,True,2,0,1,0,1,1,1,$project
14774156,formula_1,f1_actor_profiles,4,4,$addFields>$sort>$limit>$project,$addFields,$project,linear_filter_project,short_3_to_5,False,False,False,1,0,0,1,0,1,1,none
14800334,financial,party_relationship_graphs,8,7,$addFields>$project>$unwind>$match>$group>$project>$sort>$limit,$addFields,$limit,unwind_grouped,long_8_to_9,True,True,True,2,1,1,1,1,1,1,$project
14811904,superhero,publisher_universes,8,6,$unwind>$addFields>$project>$unwind>$group>$sort>$limit>$project,$unwind,$project,multi_unwind_grouped,long_8_to_9,True,True,True,2,0,2,1,1,1,1,$project+$unwind
14839801,formula_1,race_weekends_v2,9,6,$addFields>$project>$unwind>$unwind>$match>$addFields>$project>$sort>$limit,$addFields,$limit,unwind_filter_project,long_8_to_9,True,False,False,2,1,2,2,0,1,1,$addFields+$project+$unwind
14843399,thrombosis_prediction,measurement_code_bags,7,6,$addFields>$project>$unwind>$match>$project>$sort>$limit,$addFields,$limit,unwind_filter_project,medium_6_to_7,True,False,False,2,1,1,1,0,1,1,$project
14845853,debit_card_specializing,fuel_customer_spend_profiles,7,6,$addFields>$project>$unwind>$group>$sort>$limit>$project,$addFields,$project,unwind_grouped,medium_6_to_7,True,True,True,2,0,1,1,1,1,1,$project
14875871,thrombosis_prediction,patient_clinical_profiles,10,7,$addFields>$project>$unwind>$unwind>$match>$group>$match>$sort>$limit>$project,$addFields,$project,multi_unwind_grouped,very_long_10_plus,True,True,True,2,2,2,1,1,1,1,$match+$project+$unwind
14902547,student_club,club_member_accounts_v2,6,5,$addFields>$addFields>$match>$project>$sort>$limit,$addFields,$limit,linear_filter_project,medium_6_to_7,False,False,False,1,1,0,2,0,1,1,$addFields
14923717,codebase_community,community_threads,6,5,$addFields>$project>$match>$sort>$limit>$project,$addFields,$project,enrich_filter_project,medium_6_to_7,False,False,False,2,1,0,1,0,1,1,$project
14927783,thrombosis_prediction,measurement_code_bags,6,5,$addFields>$addFields>$match>$project>$sort>$limit,$addFields,$limit,linear_filter_project,medium_6_to_7,False,False,False,1,1,0,2,0,1,1,$addFields
14931275,toxicology,molecule_graphs,8,6,$unwind>$addFields>$project>$unwind>$match>$project>$sort>$limit,$unwind,$limit,unwind_filter_project,long_8_to_9,True,False,False,2,1,2,1,0,1,1,$project+$unwind
14938944,debit_card_specializing,fuel_customer_spend_profiles,7,6,$addFields>$project>$unwind>$match>$project>$sort>$limit,$addFields,$limit,unwind_filter_project,medium_6_to_7,True,False,False,2,1,1,1,0,1,1,$project
14979006,card_games,card_print_dossiers,9,6,$project>$unwind>$unwind>$match>$group>$match>$sort>$limit>$project,$project,$project,multi_unwind_grouped,long_8_to_9,True,True,True,2,2,2,0,1,1,1,$match+$project+$unwind
15011614,formula_1,f1_actor_profiles,5,5,$match>$sort>$limit>$addFields>$project,$match,$project,linear_filter_project,short_3_to_5,False,False,False,1,1,0,1,0,1,1,none
15019909,codebase_community,community_threads,7,6,$addFields>$project>$unwind>$group>$sort>$limit>$project,$addFields,$project,unwind_grouped,medium_6_to_7,True,True,True,2,0,1,1,1,1,1,$project
15023107,toxicology,molecule_graphs,6,5,$addFields>$addFields>$match>$sort>$limit>$project,$addFields,$project,linear_filter_project,medium_6_to_7,False,False,False,1,1,0,2,0,1,1,$addFields
15042711,card_games,card_print_dossiers,5,5,$addFields>$match>$sort>$limit>$project,$addFields,$project,linear_filter_project,short_3_to_5,False,False,False,1,1,0,1,0,1,1,none
15049843,superhero,ability_catalog,5,5,$addFields>$match>$sort>$project>$limit,$addFields,$limit,linear_filter_project,short_3_to_5,False,False,False,1,1,0,1,0,1,1,none
15089707,formula_1,f1_actor_profiles,5,5,$match>$addFields>$project>$sort>$limit,$match,$limit,linear_filter_project,short_3_to_5,False,False,False,1,1,0,1,0,1,1,none
15098242,formula_1,race_weekends_v2,6,5,$addFields>$project>$match>$project>$sort>$limit,$addFields,$limit,enrich_filter_project,medium_6_to_7,False,False,False,2,1,0,1,0,1,1,$project
15105475,card_games,card_print_dossiers,6,6,$addFields>$unwind>$match>$project>$sort>$limit,$addFields,$limit,unwind_filter_project,medium_6_to_7,True,False,False,1,1,1,1,0,1,1,none
15119193,financial,account_ledgers,7,6,$addFields>$project>$unwind>$match>$project>$sort>$limit,$addFields,$limit,unwind_filter_project,medium_6_to_7,True,False,False,2,1,1,1,0,1,1,$project
15119523,debit_card_specializing,fuel_product_payment_timeline,10,7,$addFields>$project>$unwind>$unwind>$match>$group>$match>$sort>$limit>$project,$addFields,$project,multi_unwind_grouped,very_long_10_plus,True,True,True,2,2,2,1,1,1,1,$match+$project+$unwind
15120935,student_club,club_event_plans_v2,7,6,$addFields>$project>$unwind>$match>$project>$sort>$limit,$addFields,$limit,unwind_filter_project,medium_6_to_7,True,False,False,2,1,1,1,0,1,1,$project
15124155,superhero,ability_catalog,7,5,$project>$unwind>$match>$match>$project>$sort>$limit,$project,$limit,unwind_filter_project,medium_6_to_7,True,False,False,2,2,1,0,0,1,1,$match+$project
15154879,superhero,hero_dossiers,7,6,$addFields>$project>$unwind>$match>$project>$sort>$limit,$addFields,$limit,unwind_filter_project,medium_6_to_7,True,False,False,2,1,1,1,0,1,1,$project
15156695,card_games,card_print_dossiers,6,5,$addFields>$addFields>$match>$project>$sort>$limit,$addFields,$limit,linear_filter_project,medium_6_to_7,False,False,False,1,1,0,2,0,1,1,$addFields
15158986,formula_1,race_weekends_v2,8,5,$project>$unwind>$match>$unwind>$match>$sort>$limit>$project,$project,$project,unwind_filter_project,long_8_to_9,True,False,False,2,2,2,0,0,1,1,$match+$project+$unwind
15179822,toxicology,molecule_graphs,8,7,$addFields>$project>$unwind>$match>$group>$sort>$limit>$project,$addFields,$project,unwind_grouped,long_8_to_9,True,True,True,2,1,1,1,1,1,1,$project
15197580,financial,counterparty_flow_profiles,7,6,$project>$unwind>$match>$group>$sort>$limit>$project,$project,$project,unwind_grouped,medium_6_to_7,True,True,True,2,1,1,0,1,1,1,$project
15219602,california_schools,school_profiles,6,5,$project>$unwind>$match>$project>$sort>$limit,$project,$limit,unwind_filter_project,medium_6_to_7,True,False,False,2,1,1,0,0,1,1,$project
15222770,european_football_2,match_documents,6,5,$addFields>$addFields>$match>$project>$sort>$limit,$addFields,$limit,linear_filter_project,medium_6_to_7,False,False,False,1,1,0,2,0,1,1,$addFields
15229851,european_football_2,match_documents,6,5,$addFields>$addFields>$match>$project>$sort>$limit,$addFields,$limit,linear_filter_project,medium_6_to_7,False,False,False,1,1,0,2,0,1,1,$addFields
15258680,thrombosis_prediction,diagnosis_risk_panels,8,7,$addFields>$project>$unwind>$match>$group>$project>$sort>$limit,$addFields,$limit,unwind_grouped,long_8_to_9,True,True,True,2,1,1,1,1,1,1,$project
15260973,thrombosis_prediction,measurement_code_bags,9,6,$project>$unwind>$unwind>$match>$group>$match>$sort>$limit>$project,$project,$project,multi_unwind_grouped,long_8_to_9,True,True,True,2,2,2,0,1,1,1,$match+$project+$unwind
15285646,california_schools,county_equity_assessment_panels,8,7,$addFields>$project>$unwind>$match>$group>$project>$sort>$limit,$addFields,$limit,unwind_grouped,long_8_to_9,True,True,True,2,1,1,1,1,1,1,$project
15321354,california_schools,district_rollups,6,5,$addFields>$addFields>$match>$project>$sort>$limit,$addFields,$limit,linear_filter_project,medium_6_to_7,False,False,False,1,1,0,2,0,1,1,$addFields
15323716,california_schools,district_rollups,4,4,$project>$match>$sort>$limit,$project,$limit,linear_filter_project,short_3_to_5,False,False,False,1,1,0,0,0,1,1,none
15325883,debit_card_specializing,fuel_customer_spend_profiles,8,7,$addFields>$project>$unwind>$match>$group>$project>$sort>$limit,$addFields,$limit,unwind_grouped,long_8_to_9,True,True,True,2,1,1,1,1,1,1,$project
15325934,formula_1,f1_actor_profiles,3,3,$project>$sort>$limit,$project,$limit,linear_filter_project,short_3_to_5,False,False,False,1,0,0,0,0,1,1,none
15328182,superhero,hero_dossiers,8,6,$addFields>$project>$unwind>$match>$project>$sort>$limit>$project,$addFields,$project,unwind_filter_project,long_8_to_9,True,False,False,3,1,1,1,0,1,1,$project
15335598,thrombosis_prediction,measurement_code_bags,9,7,$addFields>$project>$unwind>$match>$group>$match>$sort>$limit>$project,$addFields,$project,unwind_grouped,long_8_to_9,True,True,True,2,2,1,1,1,1,1,$match+$project
15354201,student_club,club_member_accounts_v2,7,6,$addFields>$project>$unwind>$group>$sort>$limit>$project,$addFields,$project,unwind_grouped,medium_6_to_7,True,True,True,2,0,1,1,1,1,1,$project
15355691,student_club,club_event_plans_v2,6,6,$addFields>$unwind>$group>$project>$sort>$limit,$addFields,$limit,unwind_grouped,medium_6_to_7,True,True,True,1,0,1,1,1,1,1,none
15369043,debit_card_specializing,fuel_station_market_catalog,8,6,$addFields>$project>$unwind>$addFields>$group>$sort>$limit>$project,$addFields,$project,unwind_grouped,long_8_to_9,True,True,True,2,0,1,2,1,1,1,$addFields+$project
15371824,financial,district_market_contexts,8,7,$addFields>$project>$unwind>$match>$group>$project>$sort>$limit,$addFields,$limit,unwind_grouped,long_8_to_9,True,True,True,2,1,1,1,1,1,1,$project
15372655,european_football_2,match_documents,6,5,$addFields>$addFields>$match>$sort>$limit>$project,$addFields,$project,linear_filter_project,medium_6_to_7,False,False,False,1,1,0,2,0,1,1,$addFields
15378839,european_football_2,team_profiles,4,4,$project>$match>$sort>$limit,$project,$limit,linear_filter_project,short_3_to_5,False,False,False,1,1,0,0,0,1,1,none
15384177,thrombosis_prediction,patient_clinical_profiles,10,7,$addFields>$project>$unwind>$unwind>$match>$group>$match>$sort>$limit>$project,$addFields,$project,multi_unwind_grouped,very_long_10_plus,True,True,True,2,2,2,1,1,1,1,$match+$project+$unwind
15401530,superhero,ability_catalog,9,7,$addFields>$project>$unwind>$unwind>$match>$group>$sort>$limit>$project,$addFields,$project,multi_unwind_grouped,long_8_to_9,True,True,True,2,1,2,1,1,1,1,$project+$unwind
15433054,student_club,club_member_accounts_v2,5,5,$addFields>$match>$project>$sort>$limit,$addFields,$limit,linear_filter_project,short_3_to_5,False,False,False,1,1,0,1,0,1,1,none
15462807,toxicology,molecule_graphs,9,7,$addFields>$project>$unwind>$match>$group>$match>$sort>$limit>$project,$addFields,$project,unwind_grouped,long_8_to_9,True,True,True,2,2,1,1,1,1,1,$match+$project
15467766,formula_1,race_weekends_v2,6,5,$addFields>$project>$match>$project>$sort>$limit,$addFields,$limit,enrich_filter_project,medium_6_to_7,False,False,False,2,1,0,1,0,1,1,$project
15468339,superhero,hero_dossiers,5,4,$project>$unwind>$group>$project>$sort,$project,$sort,unwind_grouped,short_3_to_5,True,True,True,2,0,1,0,1,1,0,$project
15478826,formula_1,f1_actor_profiles,5,5,$addFields>$match>$project>$sort>$limit,$addFields,$limit,linear_filter_project,short_3_to_5,False,False,False,1,1,0,1,0,1,1,none
15531021,codebase_community,user_reputation_profiles,5,5,$addFields>$project>$match>$sort>$limit,$addFields,$limit,linear_filter_project,short_3_to_5,False,False,False,1,1,0,1,0,1,1,none
15570568,toxicology,molecule_graphs,8,7,$addFields>$project>$unwind>$match>$group>$project>$sort>$limit,$addFields,$limit,unwind_grouped,long_8_to_9,True,True,True,2,1,1,1,1,1,1,$project
15584838,card_games,card_print_dossiers,5,5,$addFields>$match>$project>$sort>$limit,$addFields,$limit,linear_filter_project,short_3_to_5,False,False,False,1,1,0,1,0,1,1,none
15589374,superhero,hero_dossiers,7,5,$addFields>$addFields>$match>$addFields>$project>$sort>$limit,$addFields,$limit,linear_filter_project,medium_6_to_7,False,False,False,1,1,0,3,0,1,1,$addFields
15620540,superhero,publisher_universes,6,6,$unwind>$addFields>$project>$match>$sort>$limit,$unwind,$limit,unwind_filter_project,medium_6_to_7,True,False,False,1,1,1,1,0,1,1,none
15649262,card_games,card_print_dossiers,7,6,$project>$unwind>$match>$group>$project>$sort>$limit,$project,$limit,unwind_grouped,medium_6_to_7,True,True,True,2,1,1,0,1,1,1,$project
15651902,codebase_community,user_reputation_profiles,7,6,$addFields>$project>$unwind>$group>$project>$sort>$limit,$addFields,$limit,unwind_grouped,medium_6_to_7,True,True,True,2,0,1,1,1,1,1,$project
15664929,student_club,club_event_plans_v2,5,5,$addFields>$match>$project>$sort>$limit,$addFields,$limit,linear_filter_project,short_3_to_5,False,False,False,1,1,0,1,0,1,1,none
15676604,student_club,club_member_accounts_v2,7,5,$addFields>$project>$match>$project>$sort>$limit>$project,$addFields,$project,enrich_filter_project,medium_6_to_7,False,False,False,3,1,0,1,0,1,1,$project
15680129,student_club,club_event_plans_v2,8,6,$addFields>$project>$unwind>$match>$project>$project>$sort>$limit,$addFields,$limit,unwind_filter_project,long_8_to_9,True,False,False,3,1,1,1,0,1,1,$project
15693985,formula_1,race_weekends_v2,7,6,$addFields>$project>$unwind>$match>$project>$sort>$limit,$addFields,$limit,unwind_filter_project,medium_6_to_7,True,False,False,2,1,1,1,0,1,1,$project
15696946,thrombosis_prediction,patient_clinical_profiles,6,5,$addFields>$addFields>$match>$project>$sort>$limit,$addFields,$limit,linear_filter_project,medium_6_to_7,False,False,False,1,1,0,2,0,1,1,$addFields
15747055,superhero,publisher_universes,8,6,$unwind>$addFields>$project>$unwind>$group>$sort>$limit>$project,$unwind,$project,multi_unwind_grouped,long_8_to_9,True,True,True,2,0,2,1,1,1,1,$project+$unwind
15755492,superhero,ability_catalog,5,5,$addFields>$project>$match>$sort>$limit,$addFields,$limit,linear_filter_project,short_3_to_5,False,False,False,1,1,0,1,0,1,1,none
15782885,debit_card_specializing,fuel_product_payment_timeline,8,7,$addFields>$project>$unwind>$match>$group>$project>$sort>$limit,$addFields,$limit,unwind_grouped,long_8_to_9,True,True,True,2,1,1,1,1,1,1,$project
15793412,european_football_2,league_season_buckets,8,6,$addFields>$project>$unwind>$match>$project>$sort>$limit>$project,$addFields,$project,unwind_filter_project,long_8_to_9,True,False,False,3,1,1,1,0,1,1,$project
15821577,codebase_community,tag_topic_ecosystems,8,7,$addFields>$project>$unwind>$match>$group>$project>$sort>$limit,$addFields,$limit,unwind_grouped,long_8_to_9,True,True,True,2,1,1,1,1,1,1,$project
15827514,european_football_2,match_documents,7,5,$addFields>$addFields>$match>$addFields>$project>$sort>$limit,$addFields,$limit,linear_filter_project,medium_6_to_7,False,False,False,1,1,0,3,0,1,1,$addFields
15837121,card_games,set_release_ecosystems,5,5,$addFields>$project>$match>$sort>$limit,$addFields,$limit,linear_filter_project,short_3_to_5,False,False,False,1,1,0,1,0,1,1,none
15908055,card_games,card_print_dossiers,5,5,$addFields>$match>$sort>$limit>$project,$addFields,$project,linear_filter_project,short_3_to_5,False,False,False,1,1,0,1,0,1,1,none
15920958,debit_card_specializing,fuel_station_market_catalog,8,6,$addFields>$unwind>$match>$addFields>$match>$sort>$project>$limit,$addFields,$limit,unwind_filter_project,long_8_to_9,True,False,False,1,2,1,2,0,1,1,$addFields+$match
15943783,european_football_2,team_profiles,8,6,$addFields>$project>$unwind>$addFields>$group>$project>$sort>$limit,$addFields,$limit,unwind_grouped,long_8_to_9,True,True,True,2,0,1,2,1,1,1,$addFields+$project
15948285,formula_1,race_weekends_v2,6,6,$addFields>$unwind>$group>$project>$sort>$limit,$addFields,$limit,unwind_grouped,medium_6_to_7,True,True,True,1,0,1,1,1,1,1,none
15950610,superhero,publisher_universes,8,6,$unwind>$project>$unwind>$match>$group>$project>$sort>$limit,$unwind,$limit,multi_unwind_grouped,long_8_to_9,True,True,True,2,1,2,0,1,1,1,$project+$unwind
15965393,codebase_community,community_threads,7,6,$addFields>$project>$unwind>$group>$project>$sort>$limit,$addFields,$limit,unwind_grouped,medium_6_to_7,True,True,True,2,0,1,1,1,1,1,$project
15984791,toxicology,molecule_graphs,8,7,$addFields>$project>$unwind>$match>$group>$project>$sort>$limit,$addFields,$limit,unwind_grouped,long_8_to_9,True,True,True,2,1,1,1,1,1,1,$project
15993962,european_football_2,team_profiles,8,6,$addFields>$project>$unwind>$match>$project>$sort>$limit>$project,$addFields,$project,unwind_filter_project,long_8_to_9,True,False,False,3,1,1,1,0,1,1,$project
16032289,card_games,card_print_dossiers,8,5,$addFields>$addFields>$addFields>$match>$project>$sort>$limit>$project,$addFields,$project,enrich_filter_project,long_8_to_9,False,False,False,2,1,0,3,0,1,1,$addFields+$project
16037461,thrombosis_prediction,diagnosis_risk_panels,5,5,$addFields>$match>$sort>$limit>$project,$addFields,$project,linear_filter_project,short_3_to_5,False,False,False,1,1,0,1,0,1,1,none
16038777,financial,district_market_contexts,7,6,$addFields>$project>$unwind>$group>$project>$sort>$limit,$addFields,$limit,unwind_grouped,medium_6_to_7,True,True,True,2,0,1,1,1,1,1,$project
16049029,european_football_2,match_documents,6,5,$addFields>$addFields>$match>$sort>$limit>$project,$addFields,$project,linear_filter_project,medium_6_to_7,False,False,False,1,1,0,2,0,1,1,$addFields
16053650,formula_1,race_weekends_v2,8,6,$addFields>$project>$unwind>$addFields>$group>$sort>$limit>$project,$addFields,$project,unwind_grouped,long_8_to_9,True,True,True,2,0,1,2,1,1,1,$addFields+$project
16071401,debit_card_specializing,fuel_station_market_catalog,7,6,$addFields>$project>$unwind>$match>$project>$sort>$limit,$addFields,$limit,unwind_filter_project,medium_6_to_7,True,False,False,2,1,1,1,0,1,1,$project
16084257,formula_1,race_weekends_v2,8,7,$addFields>$addFields>$unwind>$match>$group>$project>$sort>$limit,$addFields,$limit,unwind_grouped,long_8_to_9,True,True,True,1,1,1,2,1,1,1,$addFields
16101068,codebase_community,user_reputation_profiles,7,6,$addFields>$project>$unwind>$group>$sort>$limit>$project,$addFields,$project,unwind_grouped,medium_6_to_7,True,True,True,2,0,1,1,1,1,1,$project
16107845,debit_card_specializing,fuel_customer_spend_profiles,6,5,$project>$unwind>$group>$sort>$limit>$project,$project,$project,unwind_grouped,medium_6_to_7,True,True,True,2,0,1,0,1,1,1,$project
16118283,card_games,card_print_dossiers,8,7,$addFields>$project>$unwind>$match>$group>$project>$sort>$limit,$addFields,$limit,unwind_grouped,long_8_to_9,True,True,True,2,1,1,1,1,1,1,$project
16118982,european_football_2,player_profiles,8,7,$addFields>$project>$unwind>$match>$group>$project>$sort>$limit,$addFields,$limit,unwind_grouped,long_8_to_9,True,True,True,2,1,1,1,1,1,1,$project
16127707,codebase_community,tag_topic_ecosystems,8,7,$addFields>$project>$unwind>$match>$group>$project>$sort>$limit,$addFields,$limit,unwind_grouped,long_8_to_9,True,True,True,2,1,1,1,1,1,1,$project
16133948,formula_1,race_weekends_v2,8,6,$project>$unwind>$unwind>$match>$group>$project>$sort>$limit,$project,$limit,multi_unwind_grouped,long_8_to_9,True,True,True,2,1,2,0,1,1,1,$project+$unwind
16138725,debit_card_specializing,fuel_customer_spend_profiles,5,5,$addFields>$match>$project>$sort>$limit,$addFields,$limit,linear_filter_project,short_3_to_5,False,False,False,1,1,0,1,0,1,1,none
16140740,student_club,club_member_accounts_v2,8,7,$addFields>$project>$unwind>$match>$group>$project>$sort>$limit,$addFields,$limit,unwind_grouped,long_8_to_9,True,True,True,2,1,1,1,1,1,1,$project
16143018,superhero,publisher_universes,9,6,$unwind>$addFields>$project>$unwind>$match>$project>$sort>$limit>$project,$unwind,$project,unwind_filter_project,long_8_to_9,True,False,False,3,1,2,1,0,1,1,$project+$unwind
16147807,thrombosis_prediction,measurement_code_bags,7,6,$addFields>$project>$unwind>$match>$project>$sort>$limit,$addFields,$limit,unwind_filter_project,medium_6_to_7,True,False,False,2,1,1,1,0,1,1,$project
16154473,california_schools,school_profiles,8,7,$addFields>$project>$unwind>$match>$group>$project>$sort>$limit,$addFields,$limit,unwind_grouped,long_8_to_9,True,True,True,2,1,1,1,1,1,1,$project
16166150,european_football_2,team_profiles,6,5,$project>$unwind>$match>$project>$sort>$limit,$project,$limit,unwind_filter_project,medium_6_to_7,True,False,False,2,1,1,0,0,1,1,$project
16185547,card_games,card_print_dossiers,8,7,$addFields>$project>$unwind>$match>$group>$project>$sort>$limit,$addFields,$limit,unwind_grouped,long_8_to_9,True,True,True,2,1,1,1,1,1,1,$project
16210208,debit_card_specializing,fuel_station_market_catalog,8,7,$addFields>$project>$unwind>$match>$group>$project>$sort>$limit,$addFields,$limit,unwind_grouped,long_8_to_9,True,True,True,2,1,1,1,1,1,1,$project
16220443,financial,counterparty_flow_profiles,5,5,$addFields>$match>$sort>$project>$limit,$addFields,$limit,linear_filter_project,short_3_to_5,False,False,False,1,1,0,1,0,1,1,none
16227444,superhero,ability_catalog,7,6,$addFields>$project>$unwind>$match>$project>$sort>$limit,$addFields,$limit,unwind_filter_project,medium_6_to_7,True,False,False,2,1,1,1,0,1,1,$project
16268453,debit_card_specializing,fuel_station_market_catalog,8,7,$addFields>$project>$unwind>$match>$group>$project>$sort>$limit,$addFields,$limit,unwind_grouped,long_8_to_9,True,True,True,2,1,1,1,1,1,1,$project
16270049,financial,account_ledgers,6,6,$addFields>$unwind>$match>$sort>$limit>$project,$addFields,$project,unwind_filter_project,medium_6_to_7,True,False,False,1,1,1,1,0,1,1,none
16271785,codebase_community,community_threads,8,7,$addFields>$project>$unwind>$match>$group>$project>$sort>$limit,$addFields,$limit,unwind_grouped,long_8_to_9,True,True,True,2,1,1,1,1,1,1,$project
16277829,codebase_community,tag_topic_ecosystems,8,6,$addFields>$project>$unwind>$addFields>$group>$sort>$limit>$project,$addFields,$project,unwind_grouped,long_8_to_9,True,True,True,2,0,1,2,1,1,1,$addFields+$project
16285883,thrombosis_prediction,patient_clinical_profiles,6,5,$addFields>$addFields>$match>$project>$sort>$limit,$addFields,$limit,linear_filter_project,medium_6_to_7,False,False,False,1,1,0,2,0,1,1,$addFields
16288851,codebase_community,community_threads,7,6,$addFields>$project>$unwind>$group>$sort>$limit>$project,$addFields,$project,unwind_grouped,medium_6_to_7,True,True,True,2,0,1,1,1,1,1,$project
16297090,student_club,club_member_accounts_v2,8,7,$addFields>$project>$unwind>$match>$group>$project>$sort>$limit,$addFields,$limit,unwind_grouped,long_8_to_9,True,True,True,2,1,1,1,1,1,1,$project
16301445,formula_1,race_weekends_v2,6,5,$addFields>$project>$project>$match>$sort>$limit,$addFields,$limit,enrich_filter_project,medium_6_to_7,False,False,False,2,1,0,1,0,1,1,$project
16334391,toxicology,molecule_graphs,7,6,$addFields>$project>$unwind>$match>$project>$sort>$limit,$addFields,$limit,unwind_filter_project,medium_6_to_7,True,False,False,2,1,1,1,0,1,1,$project
16349811,european_football_2,player_profiles,8,7,$addFields>$project>$unwind>$match>$group>$project>$sort>$limit,$addFields,$limit,unwind_grouped,long_8_to_9,True,True,True,2,1,1,1,1,1,1,$project
16350336,student_club,club_event_plans_v2,7,6,$addFields>$project>$unwind>$match>$project>$sort>$limit,$addFields,$limit,unwind_filter_project,medium_6_to_7,True,False,False,2,1,1,1,0,1,1,$project
16364234,codebase_community,user_reputation_profiles,6,5,$addFields>$project>$match>$project>$sort>$limit,$addFields,$limit,enrich_filter_project,medium_6_to_7,False,False,False,2,1,0,1,0,1,1,$project
16434397,financial,district_market_contexts,6,5,$addFields>$addFields>$match>$project>$sort>$limit,$addFields,$limit,linear_filter_project,medium_6_to_7,False,False,False,1,1,0,2,0,1,1,$addFields
16440442,superhero,hero_dossiers,6,5,$addFields>$addFields>$match>$sort>$project>$limit,$addFields,$limit,linear_filter_project,medium_6_to_7,False,False,False,1,1,0,2,0,1,1,$addFields
16462191,codebase_community,user_reputation_profiles,8,7,$addFields>$project>$unwind>$match>$group>$project>$sort>$limit,$addFields,$limit,unwind_grouped,long_8_to_9,True,True,True,2,1,1,1,1,1,1,$project
16464910,formula_1,race_weekends_v2,5,5,$addFields>$match>$project>$sort>$limit,$addFields,$limit,linear_filter_project,short_3_to_5,False,False,False,1,1,0,1,0,1,1,none
16471001,student_club,club_member_accounts_v2,8,7,$addFields>$project>$unwind>$match>$group>$sort>$limit>$project,$addFields,$project,unwind_grouped,long_8_to_9,True,True,True,2,1,1,1,1,1,1,$project
16534889,student_club,club_member_accounts_v2,7,6,$addFields>$project>$unwind>$match>$project>$sort>$limit,$addFields,$limit,unwind_filter_project,medium_6_to_7,True,False,False,2,1,1,1,0,1,1,$project
16548674,california_schools,district_rollups,4,4,$project>$match>$sort>$limit,$project,$limit,linear_filter_project,short_3_to_5,False,False,False,1,1,0,0,0,1,1,none
16577870,financial,account_ledgers,7,6,$addFields>$project>$unwind>$match>$project>$sort>$limit,$addFields,$limit,unwind_filter_project,medium_6_to_7,True,False,False,2,1,1,1,0,1,1,$project
16587361,thrombosis_prediction,patient_clinical_profiles,6,5,$addFields>$addFields>$match>$project>$sort>$limit,$addFields,$limit,linear_filter_project,medium_6_to_7,False,False,False,1,1,0,2,0,1,1,$addFields
16603850,superhero,publisher_universes,7,5,$unwind>$project>$unwind>$group>$project>$sort>$limit,$unwind,$limit,multi_unwind_grouped,medium_6_to_7,True,True,True,2,0,2,0,1,1,1,$project+$unwind
16609954,superhero,hero_dossiers,7,6,$addFields>$project>$unwind>$group>$project>$sort>$limit,$addFields,$limit,unwind_grouped,medium_6_to_7,True,True,True,2,0,1,1,1,1,1,$project
16611778,formula_1,f1_actor_profiles,4,4,$match>$project>$sort>$limit,$match,$limit,linear_filter_project,short_3_to_5,False,False,False,1,1,0,0,0,1,1,none
16612809,formula_1,race_weekends_v2,8,7,$addFields>$project>$unwind>$match>$group>$sort>$limit>$project,$addFields,$project,unwind_grouped,long_8_to_9,True,True,True,2,1,1,1,1,1,1,$project
16617816,superhero,publisher_universes,5,5,$unwind>$project>$match>$sort>$limit,$unwind,$limit,unwind_filter_project,short_3_to_5,True,False,False,1,1,1,0,0,1,1,none
16621196,toxicology,molecule_graphs,9,6,$unwind>$project>$unwind>$match>$unwind>$group>$sort>$limit>$project,$unwind,$project,multi_unwind_grouped,long_8_to_9,True,True,True,2,1,3,0,1,1,1,$project+$unwind
16624072,codebase_community,user_reputation_profiles,9,8,$addFields>$project>$unwind>$match>$group>$match>$sort>$limit>$replaceRoot,$addFields,$replaceRoot,unwind_grouped,long_8_to_9,True,True,True,1,2,1,1,1,1,1,$match
16649673,california_schools,county_equity_assessment_panels,5,5,$addFields>$match>$sort>$project>$limit,$addFields,$limit,linear_filter_project,short_3_to_5,False,False,False,1,1,0,1,0,1,1,none
16651377,formula_1,f1_actor_profiles,4,4,$addFields>$group>$project>$sort,$addFields,$sort,group_without_unwind,short_3_to_5,False,True,False,1,0,0,1,1,1,0,none
16660636,card_games,card_print_dossiers,6,5,$addFields>$project>$match>$project>$sort>$limit,$addFields,$limit,enrich_filter_project,medium_6_to_7,False,False,False,2,1,0,1,0,1,1,$project
16664182,thrombosis_prediction,measurement_code_bags,6,5,$addFields>$addFields>$match>$sort>$limit>$project,$addFields,$project,linear_filter_project,medium_6_to_7,False,False,False,1,1,0,2,0,1,1,$addFields
16678418,student_club,club_event_plans_v2,9,7,$addFields>$project>$unwind>$match>$group>$match>$sort>$limit>$project,$addFields,$project,unwind_grouped,long_8_to_9,True,True,True,2,2,1,1,1,1,1,$match+$project
16687575,formula_1,race_weekends_v2,11,7,$addFields>$project>$unwind>$unwind>$match>$group>$match>$addFields>$project>$sort>$limit,$addFields,$limit,multi_unwind_grouped,very_long_10_plus,True,True,True,2,2,2,2,1,1,1,$addFields+$match+$project+$unwind
16691706,formula_1,f1_actor_profiles,5,5,$match>$addFields>$project>$sort>$limit,$match,$limit,linear_filter_project,short_3_to_5,False,False,False,1,1,0,1,0,1,1,none
16703622,financial,district_market_contexts,6,5,$project>$unwind>$group>$project>$sort>$limit,$project,$limit,unwind_grouped,medium_6_to_7,True,True,True,2,0,1,0,1,1,1,$project
16723871,formula_1,race_weekends_v2,6,5,$addFields>$addFields>$match>$project>$sort>$limit,$addFields,$limit,linear_filter_project,medium_6_to_7,False,False,False,1,1,0,2,0,1,1,$addFields
16753444,student_club,club_event_plans_v2,8,7,$addFields>$project>$unwind>$match>$group>$project>$sort>$limit,$addFields,$limit,unwind_grouped,long_8_to_9,True,True,True,2,1,1,1,1,1,1,$project
16767099,european_football_2,match_documents,6,5,$addFields>$addFields>$match>$sort>$project>$limit,$addFields,$limit,linear_filter_project,medium_6_to_7,False,False,False,1,1,0,2,0,1,1,$addFields
16772574,codebase_community,user_reputation_profiles,9,7,$addFields>$project>$unwind>$match>$group>$match>$sort>$limit>$project,$addFields,$project,unwind_grouped,long_8_to_9,True,True,True,2,2,1,1,1,1,1,$match+$project
